-50.000E+00,+6E-03,+18E-03,+177E-03,+173E-03
-49.900E+00,+16E-03,+17E-03,+167E-03,+173E-03
-49.800E+00,+16E-03,+23E-03,+172E-03,+175E-03
-49.700E+00,+14E-03,+26E-03,+173E-03,+165E-03
-49.600E+00,+9E-03,+31E-03,+163E-03,+167E-03
-49.500E+00,+15E-03,+23E-03,+169E-03,+171E-03
-49.400E+00,+14E-03,+18E-03,+178E-03,+160E-03
-49.300E+00,+13E-03,+15E-03,+170E-03,+170E-03
-49.200E+00,+13E-03,+18E-03,+170E-03,+160E-03
-49.100E+00,+18E-03,+26E-03,+177E-03,+159E-03
-49.000E+00,+18E-03,+25E-03,+175E-03,+168E-03
-48.900E+00,+18E-03,+15E-03,+174E-03,+164E-03
-48.800E+00,+9E-03,+25E-03,+167E-03,+160E-03
-48.700E+00,+14E-03,+10E-03,+164E-03,+160E-03
-48.600E+00,+9E-03,+21E-03,+160E-03,+158E-03
-48.500E+00,+14E-03,+27E-03,+175E-03,+154E-03
-48.400E+00,+16E-03,+28E-03,+163E-03,+167E-03
-48.300E+00,+18E-03,+22E-03,+163E-03,+165E-03
-48.200E+00,+13E-03,+28E-03,+173E-03,+155E-03
-48.100E+00,+16E-03,+21E-03,+165E-03,+152E-03
-48.000E+00,+16E-03,+18E-03,+156E-03,+150E-03
-47.900E+00,+12E-03,+13E-03,+158E-03,+151E-03
-47.800E+00,+16E-03,+26E-03,+156E-03,+158E-03
-47.700E+00,+19E-03,+25E-03,+156E-03,+156E-03
-47.600E+00,+9E-03,+11E-03,+156E-03,+156E-03
-47.500E+00,+12E-03,+18E-03,+159E-03,+147E-03
-47.400E+00,+18E-03,+33E-03,+156E-03,+151E-03
-47.300E+00,+11E-03,+19E-03,+157E-03,+151E-03
-47.200E+00,+6E-03,+21E-03,+153E-03,+150E-03
-47.100E+00,+10E-03,+15E-03,+146E-03,+152E-03
-47.000E+00,+11E-03,+16E-03,+151E-03,+143E-03
-46.900E+00,+1E-03,+90E-03,+151E-03,+143E-03
-46.800E+00,+3E-03,+179E-03,+150E-03,+150E-03
-46.700E+00,+14E-03,+219E-03,+165E-03,+165E-03
-46.600E+00,+23E-03,+28E-03,+227E-03,+217E-03
-46.500E+00,+21E-03,+15E-03,+226E-03,+231E-03
-46.400E+00,+3E-03,+68E-03,+46E-03,+43E-03
-46.300E+00,+12E-03,+42E-03,+64E-03,+59E-03
-46.200E+00,-4E-03,+222E-03,+39E-03,+21E-03
-46.100E+00,-5E-03,+303E-03,+28E-03,+25E-03
-46.000E+00,+274E-03,+323E-03,+237E-03,+240E-03
-45.900E+00,+11E-03,+197E-03,+269E-03,+263E-03
-45.800E+00,+11E-03,+107E-03,+210E-03,+212E-03
-45.700E+00,+5E-03,+264E-03,+117E-03,+107E-03
-45.600E+00,+167E-03,+289E-03,+130E-03,+116E-03
-45.500E+00,+16E-03,+233E-03,+267E-03,+271E-03
-45.400E+00,+19E-03,+226E-03,+252E-03,+247E-03
-45.300E+00,+24E-03,+173E-03,+251E-03,+252E-03
-45.200E+00,+13E-03,+226E-03,+187E-03,+180E-03
-45.100E+00,+13E-03,+289E-03,+191E-03,+177E-03
-45.000E+00,+24E-03,+87E-03,+282E-03,+280E-03
-44.900E+00,+22E-03,+29E-03,+276E-03,+270E-03
-44.800E+00,+26E-03,+38E-03,+280E-03,+267E-03
-44.700E+00,+13E-03,+103E-03,+58E-03,+48E-03
-44.600E+00,+8E-03,+194E-03,+111E-03,+108E-03
-44.500E+00,+15E-03,+295E-03,+203E-03,+203E-03
-44.400E+00,+9E-03,+329E-03,+193E-03,+197E-03
-44.300E+00,+21E-03,+93E-03,+302E-03,+302E-03
-44.200E+00,+36E-03,+45E-03,+304E-03,+305E-03
-44.100E+00,+9E-03,+139E-03,+74E-03,+74E-03
-44.000E+00,+33E-03,+142E-03,+100E-03,+86E-03
-43.900E+00,+20E-03,+41E-03,+159E-03,+150E-03
-43.800E+00,+3E-03,+125E-03,+63E-03,+59E-03
-43.700E+00,-0.0E+00,+170E-03,+59E-03,+60E-03
-43.600E+00,+13E-03,+303E-03,+170E-03,+167E-03
-43.500E+00,+14E-03,+207E-03,+276E-03,+285E-03
-43.400E+00,+11E-03,+87E-03,+287E-03,+274E-03
-43.300E+00,+3E-03,+28E-03,+33E-03,+33E-03
-43.200E+00,+6E-03,+259E-03,+49E-03,+43E-03
-43.100E+00,+149E-03,+296E-03,+284E-03,+273E-03
-43.000E+00,+13E-03,+123E-03,+265E-03,+265E-03
-42.900E+00,+15E-03,+117E-03,+269E-03,+254E-03
-42.800E+00,+9E-03,+222E-03,+140E-03,+130E-03
-42.700E+00,+17E-03,+323E-03,+218E-03,+220E-03
-42.600E+00,+16E-03,+346E-03,+213E-03,+213E-03
-42.500E+00,+17E-03,+356E-03,+212E-03,+217E-03
-42.400E+00,+13E-03,+349E-03,+220E-03,+213E-03
-42.300E+00,+18E-03,+354E-03,+218E-03,+211E-03
-42.200E+00,+14E-03,+363E-03,+346E-03,+347E-03
-42.100E+00,+23E-03,+338E-03,+341E-03,+336E-03
-42.000E+00,+19E-03,+112E-03,+337E-03,+321E-03
-41.900E+00,+9E-03,+174E-03,+146E-03,+146E-03
-41.800E+00,+16E-03,+329E-03,+143E-03,+133E-03
-41.700E+00,+15E-03,+338E-03,+141E-03,+136E-03
-41.600E+00,+13E-03,+346E-03,+140E-03,+143E-03
-41.500E+00,+14E-03,+353E-03,+154E-03,+144E-03
-41.400E+00,+19E-03,+358E-03,+148E-03,+138E-03
-41.300E+00,+14E-03,+337E-03,+342E-03,+327E-03
-41.200E+00,+19E-03,+182E-03,+220E-03,+210E-03
-41.100E+00,+95E-03,+107E-03,+208E-03,+208E-03
-41.000E+00,+8E-03,+227E-03,+125E-03,+126E-03
-40.900E+00,+4E-03,+222E-03,+139E-03,+123E-03
-40.800E+00,+19E-03,+303E-03,+217E-03,+213E-03
-40.700E+00,+154E-03,+316E-03,+225E-03,+213E-03
-40.600E+00,+24E-03,+55E-03,+295E-03,+292E-03
-40.500E+00,+5E-03,+142E-03,+52E-03,+49E-03
-40.400E+00,+6E-03,+205E-03,+63E-03,+49E-03
-40.300E+00,+17E-03,+192E-03,+217E-03,+205E-03
-40.200E+00,+14E-03,+28E-03,+208E-03,+213E-03
-40.100E+00,+8E-03,+256E-03,+47E-03,+35E-03
-40.000E+00,+6E-03,+333E-03,+43E-03,+46E-03
-39.900E+00,-0.0E+00,+346E-03,+48E-03,+33E-03
-39.800E+00,+4E-03,+349E-03,+39E-03,+34E-03
-39.700E+00,+1E-03,+351E-03,+48E-03,+38E-03
-39.600E+00,+123E-03,+359E-03,+49E-03,+53E-03
-39.500E+00,+14E-03,+343E-03,+336E-03,+321E-03
-39.400E+00,+13E-03,+185E-03,+304E-03,+302E-03
-39.300E+00,+10E-03,+75E-03,+299E-03,+295E-03
-39.200E+00,+93E-03,+102E-03,+96E-03,+96E-03
-39.100E+00,+12E-03,+186E-03,+94E-03,+88E-03
-39.000E+00,+9E-03,+234E-03,+198E-03,+200E-03
-38.900E+00,+13E-03,+301E-03,+200E-03,+192E-03
-38.800E+00,+13E-03,+165E-03,+284E-03,+277E-03
-38.700E+00,+15E-03,+108E-03,+285E-03,+275E-03
-38.600E+00,+4E-03,+28E-03,+128E-03,+133E-03
-38.500E+00,-9E-03,+42E-03,+19E-03,+26E-03
-38.400E+00,-8E-03,+249E-03,+36E-03,+19E-03
-38.300E+00,+12E-03,+241E-03,+251E-03,+234E-03
-38.200E+00,+23E-03,+122E-03,+228E-03,+230E-03
-38.100E+00,+16E-03,+144E-03,+145E-03,+143E-03
-38.000E+00,+13E-03,+41E-03,+163E-03,+153E-03
-37.900E+00,+15E-03,+21E-03,+152E-03,+152E-03
-37.800E+00,+8E-03,+68E-03,+38E-03,+43E-03
-37.700E+00,+4E-03,+181E-03,+45E-03,+43E-03
-37.600E+00,+13E-03,+108E-03,+170E-03,+167E-03
-37.500E+00,+9E-03,+97E-03,+168E-03,+167E-03
-37.400E+00,+11E-03,+195E-03,+115E-03,+105E-03
-37.300E+00,+17E-03,+221E-03,+106E-03,+105E-03
-37.200E+00,+23E-03,+162E-03,+213E-03,+227E-03
-37.100E+00,+13E-03,+139E-03,+173E-03,+156E-03
-37.000E+00,+13E-03,+244E-03,+162E-03,+158E-03
-36.900E+00,+23E-03,+300E-03,+239E-03,+232E-03
-36.800E+00,+23E-03,+336E-03,+240E-03,+247E-03
-36.700E+00,+23E-03,+339E-03,+236E-03,+223E-03
-36.600E+00,+21E-03,+343E-03,+238E-03,+228E-03
-36.500E+00,+20E-03,+355E-03,+220E-03,+234E-03
-36.400E+00,+23E-03,+359E-03,+220E-03,+233E-03
-36.300E+00,+18E-03,+341E-03,+343E-03,+346E-03
-36.200E+00,+19E-03,+210E-03,+250E-03,+247E-03
-36.100E+00,+20E-03,+154E-03,+249E-03,+251E-03
-36.000E+00,+13E-03,+38E-03,+183E-03,+183E-03
-35.900E+00,+7E-03,+328E-03,+46E-03,+33E-03
-35.800E+00,+4E-03,+338E-03,+41E-03,+36E-03
-35.700E+00,+10E-03,+339E-03,+59E-03,+51E-03
-35.600E+00,+9E-03,+346E-03,+49E-03,+43E-03
-35.500E+00,+2E-03,+351E-03,+44E-03,+40E-03
-35.400E+00,+14E-03,+366E-03,+339E-03,+337E-03
-35.300E+00,+18E-03,+336E-03,+326E-03,+318E-03
-35.200E+00,+13E-03,+333E-03,+304E-03,+294E-03
-35.100E+00,+12E-03,+336E-03,+290E-03,+287E-03
-35.000E+00,+19E-03,+344E-03,+294E-03,+285E-03
-34.900E+00,+14E-03,+349E-03,+298E-03,+291E-03
-34.800E+00,+23E-03,+339E-03,+324E-03,+321E-03
-34.700E+00,+18E-03,+338E-03,+325E-03,+310E-03
-34.600E+00,+19E-03,+319E-03,+192E-03,+198E-03
-34.500E+00,+24E-03,+341E-03,+213E-03,+202E-03
-34.400E+00,+13E-03,+346E-03,+193E-03,+197E-03
-34.300E+00,+20E-03,+344E-03,+193E-03,+192E-03
-34.200E+00,+24E-03,+358E-03,+203E-03,+202E-03
-34.100E+00,+23E-03,+377E-03,+202E-03,+208E-03
-34.000E+00,+26E-03,+343E-03,+357E-03,+357E-03
-33.900E+00,+16E-03,+75E-03,+360E-03,+341E-03
-33.800E+00,+9E-03,+328E-03,+53E-03,+44E-03
-33.700E+00,+14E-03,+334E-03,+49E-03,+47E-03
-33.600E+00,+9E-03,+339E-03,+53E-03,+39E-03
-33.500E+00,+13E-03,+342E-03,+60E-03,+53E-03
-33.400E+00,+11E-03,+358E-03,+59E-03,+54E-03
-33.300E+00,+6E-03,+379E-03,+53E-03,+45E-03
-33.200E+00,+9E-03,+339E-03,+347E-03,+327E-03
-33.100E+00,+13E-03,+78E-03,+330E-03,+336E-03
-33.000E+00,+3E-03,+294E-03,+108E-03,+93E-03
-32.900E+00,+27E-03,+114E-03,+283E-03,+271E-03
-32.800E+00,+19E-03,+45E-03,+277E-03,+274E-03
-32.700E+00,+15E-03,+150E-03,+60E-03,+54E-03
-32.600E+00,+8E-03,+200E-03,+66E-03,+66E-03
-32.500E+00,+15E-03,+275E-03,+201E-03,+183E-03
-32.400E+00,+19E-03,+319E-03,+284E-03,+284E-03
-32.300E+00,+25E-03,+193E-03,+303E-03,+310E-03
-32.200E+00,+21E-03,+234E-03,+185E-03,+175E-03
-32.100E+00,+18E-03,+174E-03,+293E-03,+286E-03
-32.000E+00,+13E-03,+28E-03,+274E-03,+277E-03
-31.900E+00,+9E-03,+86E-03,+55E-03,+52E-03
-31.800E+00,+6E-03,+149E-03,+54E-03,+59E-03
-31.700E+00,+9E-03,+114E-03,+141E-03,+140E-03
-31.600E+00,+13E-03,+112E-03,+133E-03,+146E-03
-31.500E+00,+5E-03,+245E-03,+115E-03,+116E-03
-31.400E+00,+1E-03,+292E-03,+116E-03,+116E-03
-31.300E+00,+22E-03,+48E-03,+267E-03,+273E-03
-31.200E+00,+19E-03,+28E-03,+267E-03,+264E-03
-31.100E+00,-3E-03,+164E-03,+44E-03,+43E-03
-31.000E+00,-3E-03,+239E-03,+54E-03,+49E-03
-30.900E+00,+6E-03,+104E-03,+228E-03,+223E-03
-30.800E+00,+6E-03,+102E-03,+79E-03,+76E-03
-30.700E+00,+8E-03,+135E-03,+89E-03,+77E-03
-30.600E+00,+4E-03,+20E-03,+130E-03,+130E-03
-30.500E+00,-8E-03,+197E-03,+27E-03,+19E-03
-30.400E+00,+19E-03,+75E-03,+197E-03,+203E-03
-30.300E+00,+4E-03,+45E-03,+38E-03,+32E-03
-30.200E+00,+1E-03,+155E-03,+33E-03,+36E-03
-30.100E+00,+21E-03,+301E-03,+149E-03,+144E-03
-30.000E+00,+13E-03,+329E-03,+153E-03,+140E-03
-29.900E+00,+239E-03,+333E-03,+317E-03,+307E-03
-29.800E+00,+9E-03,+214E-03,+305E-03,+292E-03
-29.700E+00,+6E-03,+251E-03,+227E-03,+211E-03
-29.600E+00,+9E-03,+336E-03,+210E-03,+210E-03
-29.500E+00,+230E-03,+343E-03,+299E-03,+296E-03
-29.400E+00,+28E-03,+256E-03,+305E-03,+294E-03
-29.300E+00,+10E-03,+232E-03,+273E-03,+271E-03
-29.200E+00,+29E-03,+182E-03,+227E-03,+240E-03
-29.100E+00,+26E-03,+169E-03,+233E-03,+232E-03
-29.000E+00,+19E-03,+241E-03,+175E-03,+173E-03
-28.900E+00,+19E-03,+288E-03,+259E-03,+255E-03
-28.800E+00,+19E-03,+329E-03,+267E-03,+264E-03
-28.700E+00,+17E-03,+337E-03,+260E-03,+253E-03
-28.600E+00,+24E-03,+343E-03,+265E-03,+254E-03
-28.500E+00,+23E-03,+352E-03,+249E-03,+255E-03
-28.400E+00,+23E-03,+366E-03,+351E-03,+351E-03
-28.300E+00,+20E-03,+334E-03,+333E-03,+337E-03
-28.200E+00,+6E-03,+113E-03,+98E-03,+90E-03
-28.100E+00,+4E-03,+299E-03,+86E-03,+95E-03
-28.000E+00,+16E-03,+326E-03,+277E-03,+274E-03
-27.900E+00,+23E-03,+336E-03,+275E-03,+271E-03
-27.800E+00,+19E-03,+343E-03,+269E-03,+270E-03
-27.700E+00,+19E-03,+349E-03,+270E-03,+266E-03
-27.600E+00,+19E-03,+343E-03,+267E-03,+264E-03
-27.500E+00,+18E-03,+338E-03,+330E-03,+317E-03
-27.400E+00,+9E-03,+212E-03,+297E-03,+287E-03
-27.300E+00,+13E-03,+36E-03,+296E-03,+292E-03
-27.200E+00,+9E-03,+145E-03,+46E-03,+39E-03
-27.100E+00,+5E-03,+230E-03,+49E-03,+58E-03
-27.000E+00,+11E-03,+154E-03,+210E-03,+210E-03
-26.900E+00,+4E-03,+328E-03,+162E-03,+162E-03
-26.800E+00,+9E-03,+339E-03,+163E-03,+160E-03
-26.700E+00,+6E-03,+347E-03,+158E-03,+160E-03
-26.600E+00,+8E-03,+356E-03,+165E-03,+160E-03
-26.500E+00,+8E-03,+349E-03,+167E-03,+157E-03
-26.400E+00,+6E-03,+373E-03,+163E-03,+153E-03
-26.300E+00,+24E-03,+347E-03,+346E-03,+340E-03
-26.200E+00,+86E-03,+127E-03,+167E-03,+155E-03
-26.100E+00,+18E-03,+85E-03,+173E-03,+162E-03
-26.000E+00,+13E-03,+72E-03,+156E-03,+163E-03
-25.900E+00,+5E-03,+252E-03,+95E-03,+95E-03
-25.800E+00,+18E-03,+95E-03,+270E-03,+264E-03
-25.700E+00,+15E-03,+62E-03,+272E-03,+261E-03
-25.600E+00,+63E-03,+41E-03,+73E-03,+59E-03
-25.500E+00,+8E-03,+303E-03,+67E-03,+60E-03
-25.400E+00,+8E-03,+324E-03,+76E-03,+68E-03
-25.300E+00,+23E-03,+173E-03,+280E-03,+271E-03
-25.200E+00,+13E-03,+78E-03,+183E-03,+177E-03
-25.100E+00,+58E-03,+43E-03,+128E-03,+116E-03
-25.000E+00,+9E-03,+269E-03,+63E-03,+59E-03
-24.900E+00,+24E-03,+238E-03,+265E-03,+273E-03
-24.800E+00,+13E-03,+179E-03,+250E-03,+247E-03
-24.700E+00,+16E-03,+114E-03,+241E-03,+244E-03
-24.600E+00,+9E-03,+190E-03,+135E-03,+123E-03
-24.500E+00,+23E-03,+206E-03,+204E-03,+203E-03
-24.400E+00,+9E-03,+152E-03,+180E-03,+187E-03
-24.300E+00,+9E-03,+124E-03,+187E-03,+181E-03
-24.200E+00,+6E-03,+289E-03,+133E-03,+130E-03
-24.100E+00,+8E-03,+331E-03,+139E-03,+130E-03
-24.000E+00,+9E-03,+339E-03,+133E-03,+136E-03
-23.900E+00,+7E-03,+350E-03,+144E-03,+130E-03
-23.800E+00,+49E-03,+333E-03,+131E-03,+131E-03
-23.700E+00,+10E-03,+336E-03,+300E-03,+305E-03
-23.600E+00,+13E-03,+256E-03,+314E-03,+300E-03
-23.500E+00,+21E-03,+103E-03,+267E-03,+252E-03
-23.400E+00,+14E-03,+107E-03,+111E-03,+95E-03
-23.300E+00,+18E-03,+279E-03,+114E-03,+104E-03
-23.200E+00,+19E-03,+135E-03,+277E-03,+277E-03
-23.100E+00,+36E-03,+17E-03,+173E-03,+179E-03
-23.000E+00,+6E-03,+87E-03,+46E-03,+38E-03
-22.900E+00,+8E-03,+269E-03,+105E-03,+91E-03
-22.800E+00,+16E-03,+309E-03,+100E-03,+100E-03
-22.700E+00,+21E-03,+153E-03,+282E-03,+268E-03
-22.600E+00,+18E-03,+154E-03,+267E-03,+279E-03
-22.500E+00,+154E-03,+138E-03,+170E-03,+151E-03
-22.400E+00,+73E-03,+172E-03,+167E-03,+163E-03
-22.300E+00,+22E-03,+103E-03,+187E-03,+181E-03
-22.200E+00,+11E-03,+326E-03,+116E-03,+125E-03
-22.100E+00,+6E-03,+333E-03,+121E-03,+126E-03
-22.000E+00,+13E-03,+336E-03,+123E-03,+116E-03
-21.900E+00,+13E-03,+348E-03,+126E-03,+117E-03
-21.800E+00,+16E-03,+354E-03,+118E-03,+115E-03
-21.700E+00,+19E-03,+347E-03,+316E-03,+315E-03
-21.600E+00,+16E-03,+279E-03,+307E-03,+304E-03
-21.500E+00,+6E-03,+274E-03,+92E-03,+91E-03
-21.400E+00,+6E-03,+314E-03,+90E-03,+85E-03
-21.300E+00,+22E-03,+156E-03,+277E-03,+272E-03
-21.200E+00,+9E-03,+65E-03,+160E-03,+163E-03
-21.100E+00,-3E-03,+138E-03,+43E-03,+43E-03
-21.000E+00,-3E-03,+226E-03,+48E-03,+39E-03
-20.900E+00,+253E-03,+304E-03,+273E-03,+266E-03
-20.800E+00,+19E-03,+175E-03,+294E-03,+287E-03
-20.700E+00,+9E-03,+103E-03,+178E-03,+182E-03
-20.600E+00,+6E-03,+28E-03,+108E-03,+100E-03
-20.500E+00,+2E-03,+210E-03,+23E-03,+29E-03
-20.400E+00,+233E-03,+232E-03,+223E-03,+223E-03
-20.300E+00,+14E-03,+83E-03,+232E-03,+231E-03
-20.200E+00,+16E-03,+77E-03,+222E-03,+223E-03
-20.100E+00,+11E-03,+102E-03,+89E-03,+88E-03
-20.000E+00,+16E-03,+142E-03,+90E-03,+83E-03
-19.900E+00,+10E-03,+331E-03,+148E-03,+137E-03
-19.800E+00,+3E-03,+329E-03,+138E-03,+138E-03
-19.700E+00,+18E-03,+205E-03,+291E-03,+289E-03
-19.600E+00,+26E-03,+41E-03,+287E-03,+284E-03
-19.500E+00,+13E-03,+246E-03,+59E-03,+60E-03
-19.400E+00,+11E-03,+231E-03,+249E-03,+242E-03
-19.300E+00,+9E-03,+161E-03,+220E-03,+219E-03
-19.200E+00,+9E-03,+102E-03,+220E-03,+213E-03
-19.100E+00,+3E-03,+119E-03,+102E-03,+96E-03
-19.000E+00,+9E-03,+194E-03,+131E-03,+126E-03
-18.900E+00,+22E-03,+170E-03,+259E-03,+258E-03
-18.800E+00,+19E-03,+78E-03,+260E-03,+244E-03
-18.700E+00,-0.0E+00,+159E-03,+86E-03,+97E-03
-18.600E+00,+13E-03,+331E-03,+155E-03,+158E-03
-18.500E+00,+13E-03,+334E-03,+160E-03,+160E-03
-18.400E+00,+13E-03,+353E-03,+156E-03,+160E-03
-18.300E+00,+14E-03,+345E-03,+167E-03,+156E-03
-18.200E+00,+8E-03,+348E-03,+158E-03,+160E-03
-18.100E+00,+245E-03,+353E-03,+155E-03,+157E-03
-18.000E+00,+26E-03,+343E-03,+344E-03,+337E-03
-17.900E+00,+8E-03,+315E-03,+270E-03,+273E-03
-17.800E+00,+11E-03,+338E-03,+274E-03,+267E-03
-17.700E+00,+11E-03,+336E-03,+270E-03,+262E-03
-17.600E+00,+19E-03,+333E-03,+277E-03,+277E-03
-17.500E+00,+18E-03,+359E-03,+268E-03,+268E-03
-17.400E+00,+24E-03,+381E-03,+267E-03,+267E-03
-17.300E+00,+14E-03,+334E-03,+350E-03,+348E-03
-17.200E+00,+16E-03,+72E-03,+357E-03,+347E-03
-17.100E+00,+3E-03,+327E-03,+95E-03,+90E-03
-17.000E+00,+4E-03,+338E-03,+98E-03,+98E-03
-16.900E+00,+18E-03,+343E-03,+298E-03,+297E-03
-16.800E+00,+13E-03,+115E-03,+187E-03,+180E-03
-16.700E+00,+13E-03,+58E-03,+191E-03,+182E-03
-16.600E+00,+16E-03,+249E-03,+78E-03,+73E-03
-16.500E+00,+13E-03,+325E-03,+75E-03,+74E-03
-16.400E+00,+19E-03,+132E-03,+290E-03,+284E-03
-16.300E+00,+16E-03,+69E-03,+285E-03,+272E-03
-16.200E+00,+8E-03,+202E-03,+86E-03,+73E-03
-16.100E+00,+203E-03,+236E-03,+146E-03,+132E-03
-16.000E+00,+13E-03,+329E-03,+213E-03,+210E-03
-15.900E+00,+18E-03,+341E-03,+211E-03,+213E-03
-15.800E+00,+16E-03,+346E-03,+205E-03,+203E-03
-15.700E+00,+14E-03,+323E-03,+315E-03,+300E-03
-15.600E+00,+19E-03,+326E-03,+300E-03,+297E-03
-15.500E+00,+16E-03,+352E-03,+307E-03,+299E-03
-15.400E+00,+16E-03,+353E-03,+297E-03,+295E-03
-15.300E+00,+14E-03,+360E-03,+302E-03,+293E-03
-15.200E+00,+16E-03,+359E-03,+290E-03,+290E-03
-15.100E+00,+24E-03,+343E-03,+352E-03,+343E-03
-15.000E+00,+26E-03,+197E-03,+352E-03,+344E-03
-14.900E+00,+19E-03,+263E-03,+150E-03,+142E-03
-14.800E+00,+16E-03,+209E-03,+277E-03,+267E-03
-14.700E+00,+11E-03,+250E-03,+211E-03,+215E-03
-14.600E+00,+13E-03,+336E-03,+220E-03,+208E-03
-14.500E+00,+9E-03,+343E-03,+215E-03,+213E-03
-14.400E+00,+23E-03,+343E-03,+207E-03,+220E-03
-14.300E+00,+9E-03,+355E-03,+214E-03,+218E-03
-14.200E+00,+13E-03,+353E-03,+212E-03,+208E-03
-14.100E+00,+22E-03,+343E-03,+348E-03,+341E-03
-14.000E+00,+29E-03,+303E-03,+347E-03,+341E-03
-13.900E+00,+24E-03,+223E-03,+271E-03,+286E-03
-13.800E+00,+18E-03,+261E-03,+227E-03,+223E-03
-13.700E+00,+12E-03,+118E-03,+266E-03,+268E-03
-13.600E+00,+13E-03,+68E-03,+270E-03,+274E-03
-13.500E+00,+8E-03,+303E-03,+83E-03,+74E-03
-13.400E+00,+18E-03,+239E-03,+279E-03,+272E-03
-13.300E+00,+27E-03,+114E-03,+279E-03,+272E-03
-13.200E+00,+23E-03,+98E-03,+280E-03,+264E-03
-13.100E+00,+7E-03,+334E-03,+139E-03,+136E-03
-13.000E+00,+6E-03,+343E-03,+135E-03,+135E-03
-12.900E+00,+4E-03,+349E-03,+130E-03,+136E-03
-12.800E+00,+9E-03,+346E-03,+133E-03,+130E-03
-12.700E+00,+4E-03,+350E-03,+134E-03,+136E-03
-12.600E+00,+120E-03,+359E-03,+131E-03,+136E-03
-12.500E+00,+25E-03,+346E-03,+342E-03,+335E-03
-12.400E+00,+23E-03,+25E-03,+331E-03,+327E-03
-12.300E+00,+6E-03,+85E-03,+80E-03,+66E-03
-12.200E+00,+4E-03,+318E-03,+81E-03,+73E-03
-12.100E+00,+7E-03,+333E-03,+78E-03,+71E-03
-12.000E+00,+9E-03,+336E-03,+86E-03,+73E-03
-11.900E+00,+18E-03,+340E-03,+305E-03,+299E-03
-11.800E+00,+21E-03,+87E-03,+297E-03,+292E-03
-11.700E+00,+13E-03,+32E-03,+109E-03,+110E-03
-11.600E+00,+3E-03,+65E-03,+33E-03,+23E-03
-11.500E+00,+38E-03,+87E-03,+42E-03,+44E-03
-11.400E+00,+6E-03,+138E-03,+79E-03,+68E-03
-11.300E+00,+4E-03,+102E-03,+139E-03,+140E-03
-11.200E+00,+13E-03,+102E-03,+130E-03,+140E-03
-11.100E+00,+7E-03,+56E-03,+95E-03,+94E-03
-11.000E+00,+9E-03,+145E-03,+68E-03,+66E-03
-10.900E+00,+10E-03,+46E-03,+156E-03,+152E-03
-10.800E+00,-8E-03,+88E-03,+46E-03,+46E-03
-10.700E+00,+20E-03,+186E-03,+169E-03,+172E-03
-10.600E+00,+64E-03,+132E-03,+173E-03,+162E-03
-10.500E+00,+20E-03,+10E-03,+115E-03,+114E-03
-10.400E+00,-1E-03,+266E-03,+46E-03,+33E-03
-10.300E+00,+1E-03,+264E-03,+262E-03,+261E-03
-10.200E+00,+13E-03,+123E-03,+262E-03,+254E-03
-10.100E+00,+10E-03,+70E-03,+131E-03,+130E-03
-10.000E+00,+3E-03,+162E-03,+73E-03,+59E-03
-9.900E+00,+13E-03,+275E-03,+170E-03,+159E-03
-9.800E+00,+16E-03,+334E-03,+172E-03,+165E-03
-9.700E+00,+24E-03,+69E-03,+302E-03,+294E-03
-9.600E+00,+13E-03,+48E-03,+43E-03,+39E-03
-9.500E+00,+12E-03,+335E-03,+56E-03,+52E-03
-9.400E+00,+23E-03,+326E-03,+294E-03,+289E-03
-9.300E+00,+17E-03,+212E-03,+291E-03,+282E-03
-9.200E+00,+9E-03,+135E-03,+223E-03,+217E-03
-9.100E+00,+12E-03,+218E-03,+153E-03,+146E-03
-9.000E+00,+13E-03,+237E-03,+153E-03,+153E-03
-8.900E+00,+17E-03,+333E-03,+237E-03,+236E-03
-8.800E+00,+16E-03,+329E-03,+244E-03,+233E-03
-8.700E+00,+16E-03,+333E-03,+232E-03,+223E-03
-8.600E+00,+14E-03,+353E-03,+233E-03,+230E-03
-8.500E+00,+13E-03,+349E-03,+232E-03,+222E-03
-8.400E+00,+13E-03,+380E-03,+233E-03,+223E-03
-8.300E+00,+14E-03,+336E-03,+349E-03,+342E-03
-8.200E+00,+9E-03,+241E-03,+279E-03,+267E-03
-8.100E+00,+17E-03,+168E-03,+282E-03,+274E-03
-8.000E+00,+9E-03,+319E-03,+187E-03,+183E-03
-7.900E+00,+10E-03,+338E-03,+295E-03,+300E-03
-7.800E+00,+21E-03,+58E-03,+300E-03,+287E-03
-7.700E+00,+3E-03,+97E-03,+69E-03,+55E-03
-7.600E+00,+3E-03,+179E-03,+110E-03,+110E-03
-7.500E+00,+17E-03,+154E-03,+206E-03,+202E-03
-7.400E+00,+21E-03,+120E-03,+207E-03,+200E-03
-7.300E+00,+77E-03,+82E-03,+92E-03,+105E-03
-7.200E+00,+9E-03,+205E-03,+86E-03,+69E-03
-7.100E+00,+13E-03,+314E-03,+212E-03,+208E-03
-7.000E+00,+8E-03,+336E-03,+207E-03,+203E-03
-6.900E+00,+10E-03,+333E-03,+206E-03,+202E-03
-6.800E+00,+13E-03,+359E-03,+203E-03,+210E-03
-6.700E+00,+14E-03,+352E-03,+196E-03,+200E-03
-6.600E+00,+9E-03,+369E-03,+207E-03,+200E-03
-6.500E+00,+17E-03,+339E-03,+354E-03,+345E-03
-6.400E+00,+106E-03,+102E-03,+130E-03,+130E-03
-6.300E+00,+7E-03,+306E-03,+128E-03,+115E-03
-6.200E+00,+140E-03,+301E-03,+128E-03,+121E-03
-6.100E+00,+23E-03,+338E-03,+278E-03,+276E-03
-6.000E+00,+23E-03,+339E-03,+287E-03,+274E-03
-5.900E+00,+23E-03,+340E-03,+278E-03,+261E-03
-5.800E+00,+21E-03,+346E-03,+275E-03,+265E-03
-5.700E+00,+26E-03,+364E-03,+285E-03,+271E-03
-5.600E+00,+23E-03,+346E-03,+371E-03,+354E-03
-5.500E+00,+26E-03,+178E-03,+354E-03,+350E-03
-5.400E+00,+16E-03,+331E-03,+207E-03,+205E-03
-5.300E+00,+32E-03,+331E-03,+300E-03,+295E-03
-5.200E+00,+26E-03,+236E-03,+310E-03,+297E-03
-5.100E+00,+27E-03,+226E-03,+300E-03,+282E-03
-5.000E+00,+14E-03,+256E-03,+244E-03,+237E-03
-4.900E+00,+8E-03,+221E-03,+270E-03,+266E-03
-4.800E+00,+16E-03,+209E-03,+274E-03,+257E-03
-4.700E+00,+20E-03,+187E-03,+238E-03,+241E-03
-4.600E+00,+23E-03,+127E-03,+244E-03,+242E-03
-4.500E+00,+22E-03,+324E-03,+147E-03,+142E-03
-4.400E+00,+13E-03,+323E-03,+136E-03,+146E-03
-4.300E+00,+14E-03,+172E-03,+302E-03,+293E-03
-4.200E+00,+16E-03,+63E-03,+304E-03,+295E-03
-4.100E+00,+13E-03,+159E-03,+84E-03,+90E-03
-4.000E+00,+116E-03,+229E-03,+217E-03,+217E-03
-3.900E+00,+23E-03,+97E-03,+228E-03,+219E-03
-3.800E+00,+19E-03,+90E-03,+218E-03,+222E-03
-3.700E+00,+6E-03,+329E-03,+105E-03,+118E-03
-3.600E+00,+9E-03,+349E-03,+106E-03,+106E-03
-3.500E+00,+18E-03,+336E-03,+295E-03,+277E-03
-3.400E+00,+21E-03,+205E-03,+294E-03,+289E-03
-3.300E+00,+9E-03,+131E-03,+210E-03,+221E-03
-3.200E+00,+13E-03,+226E-03,+143E-03,+116E-03
-3.100E+00,+160E-03,+250E-03,+254E-03,+255E-03
-3.000E+00,+16E-03,+63E-03,+249E-03,+242E-03
-2.900E+00,+8E-03,+261E-03,+67E-03,+70E-03
-2.800E+00,+3E-03,+333E-03,+73E-03,+79E-03
-2.700E+00,+5E-03,+338E-03,+78E-03,+81E-03
-2.600E+00,+4E-03,+338E-03,+76E-03,+69E-03
-2.500E+00,+10E-03,+356E-03,+75E-03,+77E-03
-2.400E+00,+13E-03,+333E-03,+307E-03,+300E-03
-2.300E+00,+13E-03,+159E-03,+224E-03,+222E-03
-2.200E+00,+16E-03,+103E-03,+218E-03,+223E-03
-2.100E+00,+17E-03,+145E-03,+124E-03,+121E-03
-2.000E+00,+16E-03,+172E-03,+193E-03,+177E-03
-1.900E+00,+18E-03,+18E-03,+192E-03,+186E-03
-1.800E+00,+3E-03,+87E-03,+41E-03,+44E-03
-1.700E+00,+8E-03,+314E-03,+46E-03,+44E-03
-1.600E+00,+26E-03,+236E-03,+277E-03,+274E-03
-1.500E+00,+17E-03,+100E-03,+273E-03,+271E-03
-1.400E+00,+18E-03,+82E-03,+275E-03,+272E-03
-1.300E+00,+16E-03,+89E-03,+269E-03,+274E-03
-1.200E+00,+16E-03,+333E-03,+106E-03,+113E-03
-1.100E+00,+15E-03,+327E-03,+122E-03,+107E-03
-1.000E+00,+18E-03,+344E-03,+115E-03,+108E-03
-900E-03,+19E-03,+344E-03,+117E-03,+112E-03
-800E-03,+13E-03,+346E-03,+113E-03,+110E-03
-700E-03,+140E-03,+358E-03,+125E-03,+117E-03
-600E-03,+14E-03,+333E-03,+347E-03,+344E-03
-500E-03,+15E-03,+300E-03,+240E-03,+223E-03
-400E-03,+26E-03,+336E-03,+233E-03,+230E-03
-300E-03,+20E-03,+343E-03,+223E-03,+233E-03
-200E-03,+23E-03,+344E-03,+233E-03,+222E-03
-100E-03,+27E-03,+349E-03,+236E-03,+223E-03
+0.0E+00,+26E-03,+359E-03,+223E-03,+227E-03
+100E-03,+23E-03,+338E-03,+356E-03,+356E-03
+200E-03,+18E-03,+264E-03,+284E-03,+279E-03
+300E-03,+19E-03,+200E-03,+279E-03,+273E-03
+400E-03,+19E-03,+339E-03,+213E-03,+213E-03
+500E-03,+23E-03,+340E-03,+208E-03,+215E-03
+600E-03,+24E-03,+336E-03,+227E-03,+207E-03
+700E-03,+23E-03,+343E-03,+203E-03,+210E-03
+800E-03,+16E-03,+353E-03,+207E-03,+207E-03
+900E-03,+20E-03,+353E-03,+362E-03,+348E-03
+1.000E+00,+23E-03,+341E-03,+352E-03,+356E-03
+1.100E+00,+15E-03,+267E-03,+260E-03,+259E-03
+1.200E+00,+13E-03,+306E-03,+250E-03,+250E-03
+1.300E+00,+23E-03,+116E-03,+292E-03,+284E-03
+1.400E+00,+21E-03,+60E-03,+282E-03,+279E-03
+1.500E+00,+7E-03,+166E-03,+90E-03,+92E-03
+1.600E+00,+16E-03,+209E-03,+187E-03,+193E-03
+1.700E+00,+13E-03,+307E-03,+294E-03,+285E-03
+1.800E+00,+19E-03,+326E-03,+307E-03,+295E-03
+1.900E+00,+42E-03,+67E-03,+301E-03,+295E-03
+2.000E+00,+13E-03,+336E-03,+106E-03,+96E-03
+2.100E+00,+1E-03,+333E-03,+102E-03,+92E-03
+2.200E+00,+8E-03,+356E-03,+103E-03,+105E-03
+2.300E+00,+2E-03,+342E-03,+109E-03,+95E-03
+2.400E+00,+3E-03,+356E-03,+96E-03,+96E-03
+2.500E+00,+24E-03,+354E-03,+343E-03,+332E-03
+2.600E+00,+24E-03,+333E-03,+339E-03,+327E-03
+2.700E+00,+9E-03,+272E-03,+146E-03,+142E-03
+2.800E+00,+6E-03,+326E-03,+153E-03,+143E-03
+2.900E+00,+12E-03,+202E-03,+295E-03,+295E-03
+3.000E+00,+9E-03,+227E-03,+205E-03,+202E-03
+3.100E+00,+14E-03,+336E-03,+197E-03,+207E-03
+3.200E+00,+16E-03,+333E-03,+203E-03,+197E-03
+3.300E+00,+15E-03,+340E-03,+194E-03,+195E-03
+3.400E+00,+9E-03,+351E-03,+190E-03,+197E-03
+3.500E+00,+13E-03,+357E-03,+197E-03,+195E-03
+3.600E+00,+26E-03,+336E-03,+347E-03,+337E-03
+3.700E+00,+27E-03,+125E-03,+346E-03,+338E-03
+3.800E+00,+16E-03,+251E-03,+160E-03,+150E-03
+3.900E+00,+235E-03,+263E-03,+161E-03,+154E-03
+4.000E+00,+23E-03,+346E-03,+264E-03,+257E-03
+4.100E+00,+14E-03,+344E-03,+269E-03,+268E-03
+4.200E+00,+18E-03,+349E-03,+270E-03,+260E-03
+4.300E+00,+13E-03,+353E-03,+250E-03,+253E-03
+4.400E+00,+16E-03,+346E-03,+334E-03,+314E-03
+4.500E+00,+26E-03,+334E-03,+327E-03,+324E-03
+4.600E+00,+9E-03,+51E-03,+165E-03,+158E-03
+4.700E+00,+6E-03,+29E-03,+162E-03,+156E-03
+4.800E+00,+6E-03,+242E-03,+43E-03,+36E-03
+4.900E+00,+1E-03,+307E-03,+37E-03,+37E-03
+5.000E+00,+18E-03,+169E-03,+277E-03,+269E-03
+5.100E+00,+17E-03,+167E-03,+274E-03,+255E-03
+5.200E+00,+13E-03,+222E-03,+180E-03,+177E-03
+5.300E+00,+20E-03,+332E-03,+245E-03,+236E-03
+5.400E+00,+24E-03,+339E-03,+242E-03,+242E-03
+5.500E+00,+22E-03,+356E-03,+242E-03,+238E-03
+5.600E+00,+16E-03,+336E-03,+310E-03,+321E-03
+5.700E+00,+19E-03,+201E-03,+169E-03,+177E-03
+5.800E+00,+61E-03,+271E-03,+187E-03,+175E-03
+5.900E+00,+20E-03,+31E-03,+280E-03,+279E-03
+6.000E+00,+6E-03,+142E-03,+56E-03,+33E-03
+6.100E+00,+15E-03,+175E-03,+52E-03,+44E-03
+6.200E+00,+18E-03,+135E-03,+172E-03,+167E-03
+6.300E+00,+19E-03,+55E-03,+151E-03,+156E-03
+6.400E+00,+6E-03,+88E-03,+63E-03,+56E-03
+6.500E+00,+3E-03,+328E-03,+74E-03,+62E-03
+6.600E+00,+21E-03,+339E-03,+280E-03,+282E-03
+6.700E+00,+18E-03,+227E-03,+290E-03,+279E-03
+6.800E+00,+23E-03,+272E-03,+233E-03,+233E-03
+6.900E+00,+14E-03,+212E-03,+293E-03,+290E-03
+7.000E+00,+14E-03,+157E-03,+190E-03,+193E-03
+7.100E+00,+17E-03,+118E-03,+189E-03,+187E-03
+7.200E+00,+6E-03,+199E-03,+146E-03,+140E-03
+7.300E+00,+9E-03,+222E-03,+137E-03,+136E-03
+7.400E+00,+18E-03,+157E-03,+213E-03,+205E-03
+7.500E+00,+13E-03,+272E-03,+164E-03,+153E-03
+7.600E+00,+16E-03,+296E-03,+156E-03,+163E-03
+7.700E+00,+16E-03,+140E-03,+282E-03,+276E-03
+7.800E+00,+125E-03,+110E-03,+202E-03,+200E-03
+7.900E+00,+12E-03,+227E-03,+144E-03,+137E-03
+8.000E+00,+9E-03,+249E-03,+240E-03,+223E-03
+8.100E+00,+14E-03,+292E-03,+286E-03,+270E-03
+8.200E+00,+18E-03,+336E-03,+284E-03,+269E-03
+8.300E+00,+17E-03,+326E-03,+314E-03,+301E-03
+8.400E+00,+19E-03,+125E-03,+314E-03,+304E-03
+8.500E+00,+7E-03,+51E-03,+135E-03,+130E-03
+8.600E+00,+48E-03,+53E-03,+100E-03,+93E-03
+8.700E+00,+16E-03,+107E-03,+69E-03,+49E-03
+8.800E+00,+9E-03,+142E-03,+113E-03,+116E-03
+8.900E+00,+45E-03,+169E-03,+116E-03,+124E-03
+9.000E+00,+14E-03,+333E-03,+175E-03,+162E-03
+9.100E+00,+12E-03,+333E-03,+167E-03,+156E-03
+9.200E+00,+19E-03,+346E-03,+156E-03,+160E-03
+9.300E+00,+9E-03,+344E-03,+163E-03,+162E-03
+9.400E+00,+16E-03,+356E-03,+162E-03,+163E-03
+9.500E+00,+25E-03,+346E-03,+343E-03,+334E-03
+9.600E+00,+36E-03,+339E-03,+344E-03,+337E-03
+9.700E+00,-1E-03,+75E-03,+50E-03,+57E-03
+9.800E+00,+13E-03,+36E-03,+66E-03,+69E-03
+9.900E+00,+24E-03,+13E-03,+49E-03,+37E-03
+10.000E+00,+6E-03,+309E-03,+29E-03,+26E-03
+10.100E+00,+19E-03,+331E-03,+269E-03,+267E-03
+10.200E+00,+24E-03,+343E-03,+267E-03,+265E-03
+10.300E+00,+16E-03,+349E-03,+261E-03,+271E-03
+10.400E+00,+13E-03,+346E-03,+264E-03,+254E-03
+10.500E+00,+19E-03,+357E-03,+258E-03,+264E-03
+10.600E+00,+19E-03,+380E-03,+267E-03,+255E-03
+10.700E+00,+204E-03,+345E-03,+325E-03,+330E-03
+10.800E+00,+19E-03,+262E-03,+327E-03,+321E-03
+10.900E+00,+8E-03,+259E-03,+90E-03,+77E-03
+11.000E+00,+6E-03,+304E-03,+93E-03,+86E-03
+11.100E+00,+22E-03,+148E-03,+270E-03,+276E-03
+11.200E+00,+13E-03,+179E-03,+136E-03,+140E-03
+11.300E+00,+19E-03,+253E-03,+148E-03,+133E-03
+11.400E+00,+21E-03,+209E-03,+259E-03,+264E-03
+11.500E+00,+22E-03,+72E-03,+263E-03,+257E-03
+11.600E+00,+13E-03,+98E-03,+96E-03,+69E-03
+11.700E+00,+1E-03,+67E-03,+102E-03,+103E-03
+11.800E+00,-3E-03,+38E-03,+24E-03,+21E-03
+11.900E+00,+3E-03,+169E-03,+38E-03,+31E-03
+12.000E+00,-4E-03,+252E-03,+49E-03,+36E-03
+12.100E+00,+3E-03,+245E-03,+47E-03,+38E-03
+12.200E+00,+23E-03,+165E-03,+244E-03,+235E-03
+12.300E+00,+9E-03,+223E-03,+180E-03,+167E-03
+12.400E+00,+9E-03,+229E-03,+213E-03,+220E-03
+12.500E+00,+9E-03,+178E-03,+229E-03,+226E-03
+12.600E+00,+6E-03,+289E-03,+182E-03,+185E-03
+12.700E+00,+15E-03,+154E-03,+270E-03,+272E-03
+12.800E+00,+19E-03,+35E-03,+270E-03,+267E-03
+12.900E+00,+7E-03,+105E-03,+50E-03,+56E-03
+13.000E+00,+9E-03,+331E-03,+63E-03,+51E-03
+13.100E+00,+17E-03,+341E-03,+65E-03,+59E-03
+13.200E+00,+19E-03,+356E-03,+66E-03,+66E-03
+13.300E+00,+11E-03,+342E-03,+311E-03,+305E-03
+13.400E+00,+8E-03,+236E-03,+292E-03,+294E-03
+13.500E+00,+11E-03,+146E-03,+301E-03,+300E-03
+13.600E+00,+19E-03,+222E-03,+160E-03,+160E-03
+13.700E+00,-0.0E+00,+216E-03,+247E-03,+244E-03
+13.800E+00,-6E-03,+11E-03,+31E-03,+23E-03
+13.900E+00,-3E-03,+339E-03,+35E-03,+39E-03
+14.000E+00,-1E-03,+339E-03,+43E-03,+39E-03
+14.100E+00,-7E-03,+345E-03,+38E-03,+33E-03
+14.200E+00,-3E-03,+348E-03,+33E-03,+31E-03
+14.300E+00,-1E-03,+350E-03,+33E-03,+30E-03
+14.400E+00,+23E-03,+343E-03,+324E-03,+324E-03
+14.500E+00,+26E-03,+327E-03,+320E-03,+310E-03
+14.600E+00,+13E-03,+122E-03,+190E-03,+185E-03
+14.700E+00,+8E-03,+318E-03,+135E-03,+131E-03
+14.800E+00,+9E-03,+329E-03,+140E-03,+126E-03
+14.900E+00,-0.0E+00,+337E-03,+136E-03,+119E-03
+15.000E+00,+4E-03,+343E-03,+130E-03,+131E-03
+15.100E+00,+274E-03,+354E-03,+206E-03,+208E-03
+15.200E+00,+9E-03,+336E-03,+310E-03,+300E-03
+15.300E+00,+108E-03,+283E-03,+291E-03,+304E-03
+15.400E+00,+11E-03,+85E-03,+300E-03,+290E-03
+15.500E+00,+6E-03,+74E-03,+299E-03,+289E-03
+15.600E+00,+9E-03,+279E-03,+90E-03,+90E-03
+15.700E+00,+290E-03,+323E-03,+135E-03,+121E-03
+15.800E+00,+21E-03,+227E-03,+272E-03,+269E-03
+15.900E+00,+8E-03,+137E-03,+244E-03,+253E-03
+16.000E+00,+13E-03,+149E-03,+143E-03,+126E-03
+16.100E+00,+9E-03,+333E-03,+143E-03,+137E-03
+16.200E+00,+16E-03,+296E-03,+297E-03,+285E-03
+16.300E+00,+5E-03,+323E-03,+293E-03,+289E-03
+16.400E+00,+9E-03,+336E-03,+290E-03,+277E-03
+16.500E+00,+13E-03,+348E-03,+290E-03,+286E-03
+16.600E+00,+13E-03,+351E-03,+289E-03,+282E-03
+16.700E+00,+233E-03,+307E-03,+294E-03,+282E-03
+16.800E+00,+19E-03,+333E-03,+317E-03,+307E-03
+16.900E+00,+23E-03,+307E-03,+290E-03,+285E-03
+17.000E+00,+19E-03,+316E-03,+285E-03,+280E-03
+17.100E+00,+21E-03,+196E-03,+297E-03,+307E-03
+17.200E+00,+83E-03,+172E-03,+197E-03,+190E-03
+17.300E+00,+17E-03,+269E-03,+192E-03,+192E-03
+17.400E+00,+19E-03,+190E-03,+294E-03,+284E-03
+17.500E+00,+14E-03,+297E-03,+199E-03,+177E-03
+17.600E+00,+13E-03,+333E-03,+190E-03,+187E-03
+17.700E+00,+12E-03,+333E-03,+187E-03,+179E-03
+17.800E+00,+19E-03,+351E-03,+187E-03,+177E-03
+17.900E+00,+10E-03,+345E-03,+181E-03,+175E-03
+18.000E+00,+210E-03,+359E-03,+193E-03,+183E-03
+18.100E+00,+20E-03,+339E-03,+347E-03,+340E-03
+18.200E+00,+4E-03,+162E-03,+95E-03,+95E-03
+18.300E+00,-2E-03,+273E-03,+97E-03,+103E-03
+18.400E+00,+19E-03,+125E-03,+274E-03,+267E-03
+18.500E+00,+9E-03,+158E-03,+131E-03,+115E-03
+18.600E+00,+9E-03,+247E-03,+126E-03,+123E-03
+18.700E+00,+8E-03,+22E-03,+249E-03,+240E-03
+18.800E+00,+13E-03,+246E-03,+49E-03,+43E-03
+18.900E+00,+13E-03,+251E-03,+268E-03,+270E-03
+19.000E+00,+18E-03,+236E-03,+265E-03,+265E-03
+19.100E+00,+15E-03,+31E-03,+261E-03,+249E-03
+19.200E+00,+3E-03,+272E-03,+39E-03,+33E-03
+19.300E+00,-5E-03,+307E-03,+44E-03,+33E-03
+19.400E+00,+14E-03,+73E-03,+280E-03,+267E-03
+19.500E+00,+23E-03,+33E-03,+281E-03,+259E-03
+19.600E+00,-1E-03,+272E-03,+66E-03,+69E-03
+19.700E+00,+261E-03,+324E-03,+269E-03,+267E-03
+19.800E+00,+24E-03,+107E-03,+279E-03,+274E-03
+19.900E+00,+7E-03,+156E-03,+120E-03,+114E-03
+20.000E+00,+9E-03,+212E-03,+116E-03,+123E-03
+20.100E+00,+23E-03,+324E-03,+207E-03,+194E-03
+20.200E+00,+14E-03,+336E-03,+198E-03,+192E-03
+20.300E+00,+11E-03,+338E-03,+206E-03,+200E-03
+20.400E+00,+23E-03,+356E-03,+193E-03,+193E-03
+20.500E+00,+18E-03,+354E-03,+191E-03,+199E-03
+20.600E+00,+26E-03,+353E-03,+352E-03,+347E-03
+20.700E+00,+26E-03,+329E-03,+355E-03,+338E-03
+20.800E+00,+23E-03,+142E-03,+83E-03,+93E-03
+20.900E+00,+15E-03,+190E-03,+99E-03,+92E-03
+21.000E+00,+13E-03,+224E-03,+197E-03,+188E-03
+21.100E+00,+3E-03,+186E-03,+225E-03,+228E-03
+21.200E+00,+9E-03,+182E-03,+180E-03,+173E-03
+21.300E+00,+11E-03,+251E-03,+184E-03,+180E-03
+21.400E+00,+13E-03,+252E-03,+180E-03,+173E-03
+21.500E+00,+17E-03,+106E-03,+258E-03,+246E-03
+21.600E+00,-1E-03,+55E-03,+39E-03,+29E-03
+21.700E+00,+4E-03,+279E-03,+42E-03,+33E-03
+21.800E+00,+13E-03,+264E-03,+279E-03,+277E-03
+21.900E+00,+18E-03,+181E-03,+277E-03,+264E-03
+22.000E+00,+13E-03,+152E-03,+207E-03,+203E-03
+22.100E+00,+10E-03,+222E-03,+166E-03,+162E-03
+22.200E+00,+140E-03,+259E-03,+257E-03,+259E-03
+22.300E+00,+24E-03,+165E-03,+255E-03,+252E-03
+22.400E+00,+16E-03,+78E-03,+177E-03,+177E-03
+22.500E+00,+22E-03,+55E-03,+171E-03,+167E-03
+22.600E+00,+14E-03,+55E-03,+182E-03,+170E-03
+22.700E+00,+20E-03,+55E-03,+184E-03,+169E-03
+22.800E+00,+16E-03,+55E-03,+173E-03,+167E-03
+22.900E+00,+15E-03,+195E-03,+87E-03,+62E-03
+23.000E+00,+11E-03,+244E-03,+78E-03,+71E-03
+23.100E+00,+22E-03,+80E-03,+246E-03,+238E-03
+23.200E+00,+3E-03,+68E-03,+86E-03,+93E-03
+23.300E+00,+8E-03,+323E-03,+92E-03,+91E-03
+23.400E+00,+307E-03,+328E-03,+312E-03,+297E-03
+23.500E+00,+18E-03,+32E-03,+303E-03,+299E-03
+23.600E+00,-1E-03,+38E-03,+49E-03,+43E-03
+23.700E+00,-1E-03,+244E-03,+57E-03,+44E-03
+23.800E+00,+3E-03,+259E-03,+53E-03,+48E-03
+23.900E+00,+19E-03,+318E-03,+250E-03,+242E-03
+24.000E+00,+23E-03,+152E-03,+310E-03,+304E-03
+24.100E+00,+45E-03,+80E-03,+295E-03,+295E-03
+24.200E+00,+13E-03,+229E-03,+100E-03,+88E-03
+24.300E+00,+17E-03,+251E-03,+95E-03,+96E-03
+24.400E+00,+23E-03,+149E-03,+254E-03,+260E-03
+24.500E+00,+18E-03,+138E-03,+258E-03,+241E-03
+24.600E+00,+8E-03,+314E-03,+140E-03,+138E-03
+24.700E+00,+28E-03,+220E-03,+279E-03,+280E-03
+24.800E+00,+19E-03,+145E-03,+217E-03,+210E-03
+24.900E+00,+51E-03,+87E-03,+192E-03,+197E-03
+25.000E+00,+11E-03,+299E-03,+111E-03,+106E-03
+25.100E+00,+18E-03,+103E-03,+295E-03,+274E-03
+25.200E+00,+9E-03,+95E-03,+90E-03,+96E-03
+25.300E+00,+10E-03,+207E-03,+93E-03,+95E-03
+25.400E+00,+9E-03,+117E-03,+205E-03,+208E-03
+25.500E+00,+8E-03,+35E-03,+204E-03,+204E-03
+25.600E+00,+9E-03,+28E-03,+203E-03,+203E-03
+25.700E+00,+9E-03,+164E-03,+37E-03,+33E-03
+25.800E+00,+6E-03,+221E-03,+38E-03,+41E-03
+25.900E+00,+13E-03,+20E-03,+206E-03,+209E-03
+26.000E+00,-8E-03,+55E-03,+36E-03,+29E-03
+26.100E+00,+7E-03,+118E-03,+59E-03,+64E-03
+26.200E+00,+51E-03,+123E-03,+66E-03,+68E-03
+26.300E+00,+6E-03,+30E-03,+134E-03,+114E-03
+26.400E+00,-1E-03,+108E-03,+23E-03,+26E-03
+26.500E+00,-4E-03,+333E-03,+28E-03,+28E-03
+26.600E+00,-9E-03,+338E-03,+33E-03,+24E-03
+26.700E+00,-8E-03,+344E-03,+23E-03,+27E-03
+26.800E+00,-8E-03,+346E-03,+46E-03,+19E-03
+26.900E+00,-0.0E+00,+361E-03,+30E-03,+26E-03
+27.000E+00,+24E-03,+341E-03,+315E-03,+309E-03
+27.100E+00,+33E-03,+170E-03,+321E-03,+317E-03
+27.200E+00,+13E-03,+108E-03,+183E-03,+183E-03
+27.300E+00,+13E-03,+87E-03,+193E-03,+186E-03
+27.400E+00,+13E-03,+90E-03,+188E-03,+187E-03
+27.500E+00,+16E-03,+85E-03,+193E-03,+182E-03
+27.600E+00,+9E-03,+249E-03,+110E-03,+96E-03
+27.700E+00,+15E-03,+203E-03,+252E-03,+262E-03
+27.800E+00,+24E-03,+138E-03,+262E-03,+255E-03
+27.900E+00,+14E-03,+316E-03,+158E-03,+155E-03
+28.000E+00,+9E-03,+339E-03,+156E-03,+163E-03
+28.100E+00,+7E-03,+336E-03,+299E-03,+302E-03
+28.200E+00,+13E-03,+185E-03,+294E-03,+295E-03
+28.300E+00,+24E-03,+268E-03,+195E-03,+192E-03
+28.400E+00,+287E-03,+286E-03,+287E-03,+277E-03
+28.500E+00,+8E-03,+207E-03,+288E-03,+280E-03
+28.600E+00,+19E-03,+100E-03,+212E-03,+212E-03
+28.700E+00,+8E-03,+167E-03,+120E-03,+115E-03
+28.800E+00,+13E-03,+256E-03,+123E-03,+123E-03
+28.900E+00,+20E-03,+320E-03,+263E-03,+253E-03
+29.000E+00,+21E-03,+338E-03,+257E-03,+254E-03
+29.100E+00,+23E-03,+351E-03,+259E-03,+252E-03
+29.200E+00,+19E-03,+349E-03,+254E-03,+254E-03
+29.300E+00,+19E-03,+357E-03,+259E-03,+252E-03
+29.400E+00,+11E-03,+361E-03,+361E-03,+352E-03
+29.500E+00,+18E-03,+345E-03,+349E-03,+341E-03
+29.600E+00,+23E-03,+313E-03,+294E-03,+290E-03
+29.700E+00,+22E-03,+339E-03,+295E-03,+296E-03
+29.800E+00,+24E-03,+343E-03,+287E-03,+289E-03
+29.900E+00,+23E-03,+341E-03,+288E-03,+281E-03
+30.000E+00,+29E-03,+366E-03,+290E-03,+290E-03
+30.100E+00,+17E-03,+352E-03,+360E-03,+363E-03
+30.200E+00,+23E-03,+333E-03,+361E-03,+357E-03
+30.300E+00,+10E-03,+306E-03,+144E-03,+126E-03
+30.400E+00,+6E-03,+339E-03,+140E-03,+126E-03
+30.500E+00,+84E-03,+325E-03,+146E-03,+140E-03
+30.600E+00,+26E-03,+118E-03,+299E-03,+294E-03
+30.700E+00,-3E-03,+50E-03,+127E-03,+131E-03
+30.800E+00,+3E-03,+31E-03,+133E-03,+123E-03
+30.900E+00,+7E-03,+36E-03,+133E-03,+128E-03
+31.000E+00,+9E-03,+36E-03,+135E-03,+133E-03
+31.100E+00,+1E-03,+208E-03,+42E-03,+47E-03
+31.200E+00,-1E-03,+246E-03,+49E-03,+53E-03
+31.300E+00,+11E-03,+155E-03,+226E-03,+227E-03
+31.400E+00,+9E-03,+138E-03,+225E-03,+223E-03
+31.500E+00,+23E-03,+32E-03,+161E-03,+162E-03
+31.600E+00,-4E-03,+236E-03,+33E-03,+26E-03
+31.700E+00,+19E-03,+190E-03,+252E-03,+248E-03
+31.800E+00,+16E-03,+50E-03,+254E-03,+242E-03
+31.900E+00,+12E-03,+144E-03,+68E-03,+62E-03
+32.000E+00,+6E-03,+212E-03,+76E-03,+69E-03
+32.100E+00,+15E-03,+234E-03,+227E-03,+218E-03
+32.200E+00,+16E-03,+287E-03,+213E-03,+218E-03
+32.300E+00,+18E-03,+96E-03,+279E-03,+275E-03
+32.400E+00,+3E-03,+152E-03,+100E-03,+96E-03
+32.500E+00,+2E-03,+271E-03,+103E-03,+100E-03
+32.600E+00,+18E-03,+167E-03,+267E-03,+257E-03
+32.700E+00,+25E-03,+99E-03,+264E-03,+254E-03
+32.800E+00,+26E-03,+88E-03,+270E-03,+260E-03
+32.900E+00,+7E-03,+55E-03,+134E-03,+132E-03
+33.000E+00,+11E-03,+175E-03,+63E-03,+58E-03
+33.100E+00,+5E-03,+251E-03,+51E-03,+48E-03
+33.200E+00,+19E-03,+339E-03,+247E-03,+247E-03
+33.300E+00,+9E-03,+339E-03,+231E-03,+238E-03
+33.400E+00,+24E-03,+294E-03,+300E-03,+299E-03
+33.500E+00,+11E-03,+227E-03,+307E-03,+295E-03
+33.600E+00,+13E-03,+48E-03,+304E-03,+304E-03
+33.700E+00,+8E-03,+169E-03,+61E-03,+55E-03
+33.800E+00,+8E-03,+294E-03,+64E-03,+56E-03
+33.900E+00,+8E-03,+308E-03,+65E-03,+64E-03
+34.000E+00,+9E-03,+303E-03,+280E-03,+277E-03
+34.100E+00,+20E-03,+338E-03,+274E-03,+264E-03
+34.200E+00,+18E-03,+333E-03,+274E-03,+269E-03
+34.300E+00,+19E-03,+339E-03,+269E-03,+264E-03
+34.400E+00,+23E-03,+356E-03,+277E-03,+260E-03
+34.500E+00,+21E-03,+376E-03,+268E-03,+261E-03
+34.600E+00,+16E-03,+339E-03,+352E-03,+344E-03
+34.700E+00,+11E-03,+256E-03,+277E-03,+257E-03
+34.800E+00,+29E-03,+329E-03,+287E-03,+260E-03
+34.900E+00,+23E-03,+338E-03,+264E-03,+264E-03
+35.000E+00,+23E-03,+353E-03,+272E-03,+265E-03
+35.100E+00,+31E-03,+340E-03,+266E-03,+264E-03
+35.200E+00,+23E-03,+356E-03,+264E-03,+254E-03
+35.300E+00,+19E-03,+333E-03,+357E-03,+356E-03
+35.400E+00,+19E-03,+205E-03,+359E-03,+354E-03
+35.500E+00,+12E-03,+36E-03,+222E-03,+215E-03
+35.600E+00,-1E-03,+239E-03,+29E-03,+33E-03
+35.700E+00,-3E-03,+272E-03,+39E-03,+34E-03
+35.800E+00,+23E-03,+205E-03,+255E-03,+250E-03
+35.900E+00,+14E-03,+221E-03,+213E-03,+214E-03
+36.000E+00,+13E-03,+296E-03,+267E-03,+254E-03
+36.100E+00,+13E-03,+347E-03,+247E-03,+253E-03
+36.200E+00,+21E-03,+343E-03,+290E-03,+295E-03
+36.300E+00,+20E-03,+339E-03,+299E-03,+289E-03
+36.400E+00,+13E-03,+356E-03,+294E-03,+294E-03
+36.500E+00,+23E-03,+354E-03,+291E-03,+292E-03
+36.600E+00,+21E-03,+343E-03,+361E-03,+356E-03
+36.700E+00,+22E-03,+321E-03,+365E-03,+364E-03
+36.800E+00,+13E-03,+155E-03,+79E-03,+76E-03
+36.900E+00,+3E-03,+158E-03,+71E-03,+69E-03
+37.000E+00,+18E-03,+38E-03,+162E-03,+146E-03
+37.100E+00,-5E-03,+41E-03,+38E-03,+40E-03
+37.200E+00,+3E-03,+249E-03,+43E-03,+39E-03
+37.300E+00,+14E-03,+169E-03,+241E-03,+227E-03
+37.400E+00,+19E-03,+108E-03,+240E-03,+230E-03
+37.500E+00,+4E-03,+190E-03,+130E-03,+131E-03
+37.600E+00,+3E-03,+172E-03,+203E-03,+190E-03
+37.700E+00,+13E-03,+141E-03,+201E-03,+203E-03
+37.800E+00,+16E-03,+329E-03,+165E-03,+163E-03
+37.900E+00,+13E-03,+336E-03,+158E-03,+162E-03
+38.000E+00,+19E-03,+349E-03,+156E-03,+163E-03
+38.100E+00,+10E-03,+338E-03,+162E-03,+158E-03
+38.200E+00,+16E-03,+349E-03,+165E-03,+158E-03
+38.300E+00,+315E-03,+377E-03,+365E-03,+346E-03
+38.400E+00,+19E-03,+343E-03,+347E-03,+347E-03
+38.500E+00,+22E-03,+201E-03,+273E-03,+273E-03
+38.600E+00,+19E-03,+165E-03,+274E-03,+269E-03
+38.700E+00,+12E-03,+83E-03,+189E-03,+182E-03
+38.800E+00,+19E-03,+95E-03,+69E-03,+66E-03
+38.900E+00,+5E-03,+173E-03,+132E-03,+128E-03
+39.000E+00,+6E-03,+234E-03,+131E-03,+125E-03
+39.100E+00,+10E-03,+195E-03,+230E-03,+229E-03
+39.200E+00,+9E-03,+185E-03,+223E-03,+227E-03
+39.300E+00,+11E-03,+316E-03,+203E-03,+203E-03
+39.400E+00,+23E-03,+301E-03,+304E-03,+300E-03
+39.500E+00,+14E-03,+123E-03,+274E-03,+271E-03
+39.600E+00,+9E-03,+72E-03,+277E-03,+267E-03
+39.700E+00,+7E-03,+152E-03,+82E-03,+75E-03
+39.800E+00,+14E-03,+194E-03,+85E-03,+83E-03
+39.900E+00,+14E-03,+310E-03,+199E-03,+198E-03
+40.000E+00,+16E-03,+353E-03,+200E-03,+197E-03
+40.100E+00,+20E-03,+344E-03,+189E-03,+198E-03
+40.200E+00,+81E-03,+329E-03,+195E-03,+195E-03
+40.300E+00,+17E-03,+335E-03,+321E-03,+313E-03
+40.400E+00,+29E-03,+336E-03,+314E-03,+314E-03
+40.500E+00,+14E-03,+334E-03,+300E-03,+284E-03
+40.600E+00,+21E-03,+346E-03,+295E-03,+295E-03
+40.700E+00,+17E-03,+349E-03,+289E-03,+292E-03
+40.800E+00,+19E-03,+359E-03,+304E-03,+284E-03
+40.900E+00,+18E-03,+354E-03,+350E-03,+345E-03
+41.000E+00,+18E-03,+326E-03,+361E-03,+352E-03
+41.100E+00,+3E-03,+317E-03,+137E-03,+135E-03
+41.200E+00,+13E-03,+349E-03,+136E-03,+146E-03
+41.300E+00,+8E-03,+341E-03,+143E-03,+135E-03
+41.400E+00,+8E-03,+346E-03,+138E-03,+138E-03
+41.500E+00,+10E-03,+349E-03,+132E-03,+133E-03
+41.600E+00,+9E-03,+349E-03,+331E-03,+321E-03
+41.700E+00,+14E-03,+329E-03,+321E-03,+333E-03
+41.800E+00,+19E-03,+33E-03,+329E-03,+324E-03
+41.900E+00,+11E-03,+31E-03,+321E-03,+315E-03
+42.000E+00,-4E-03,+31E-03,+49E-03,+46E-03
+42.100E+00,+3E-03,+108E-03,+38E-03,+44E-03
+42.200E+00,+6E-03,+142E-03,+100E-03,+90E-03
+42.300E+00,+13E-03,+288E-03,+96E-03,+95E-03
+42.400E+00,+16E-03,+88E-03,+274E-03,+267E-03
+42.500E+00,+3E-03,+159E-03,+87E-03,+94E-03
+42.600E+00,+9E-03,+215E-03,+106E-03,+101E-03
+42.700E+00,+9E-03,+195E-03,+217E-03,+213E-03
+42.800E+00,-1E-03,+165E-03,+170E-03,+167E-03
+42.900E+00,+13E-03,+272E-03,+167E-03,+163E-03
+43.000E+00,+16E-03,+309E-03,+269E-03,+270E-03
+43.100E+00,+10E-03,+135E-03,+285E-03,+283E-03
+43.200E+00,+3E-03,+249E-03,+136E-03,+120E-03
+43.300E+00,+3E-03,+335E-03,+137E-03,+126E-03
+43.400E+00,+6E-03,+346E-03,+131E-03,+131E-03
+43.500E+00,+7E-03,+342E-03,+136E-03,+126E-03
+43.600E+00,+3E-03,+353E-03,+136E-03,+143E-03
+43.700E+00,+9E-03,+360E-03,+146E-03,+130E-03
+43.800E+00,+23E-03,+339E-03,+334E-03,+337E-03
+43.900E+00,+21E-03,+139E-03,+336E-03,+321E-03
+44.000E+00,+19E-03,+259E-03,+163E-03,+160E-03
+44.100E+00,+269E-03,+287E-03,+198E-03,+198E-03
+44.200E+00,+13E-03,+165E-03,+290E-03,+275E-03
+44.300E+00,+17E-03,+63E-03,+175E-03,+171E-03
+44.400E+00,+53E-03,+38E-03,+69E-03,+59E-03
+44.500E+00,+2E-03,+331E-03,+64E-03,+64E-03
+44.600E+00,-3E-03,+333E-03,+73E-03,+69E-03
+44.700E+00,-0.0E+00,+340E-03,+76E-03,+64E-03
+44.800E+00,+6E-03,+363E-03,+66E-03,+66E-03
+44.900E+00,-0.0E+00,+359E-03,+69E-03,+69E-03
+45.000E+00,+24E-03,+349E-03,+327E-03,+327E-03
+45.100E+00,+9E-03,+321E-03,+326E-03,+317E-03
+45.200E+00,+19E-03,+92E-03,+200E-03,+193E-03
+45.300E+00,+13E-03,+73E-03,+201E-03,+197E-03
+45.400E+00,+13E-03,+172E-03,+91E-03,+86E-03
+45.500E+00,+53E-03,+200E-03,+195E-03,+205E-03
+45.600E+00,+13E-03,+51E-03,+203E-03,+207E-03
+45.700E+00,+4E-03,+36E-03,+201E-03,+211E-03
+45.800E+00,+4E-03,+112E-03,+56E-03,+54E-03
+45.900E+00,+3E-03,+281E-03,+49E-03,+54E-03
+46.000E+00,+29E-03,+72E-03,+287E-03,+284E-03
+46.100E+00,-0.0E+00,+58E-03,+57E-03,+46E-03
+46.200E+00,+59E-03,+123E-03,+110E-03,+111E-03
+46.300E+00,+13E-03,+338E-03,+109E-03,+113E-03
+46.400E+00,+6E-03,+336E-03,+103E-03,+103E-03
+46.500E+00,+9E-03,+356E-03,+115E-03,+115E-03
+46.600E+00,+8E-03,+349E-03,+108E-03,+101E-03
+46.700E+00,+9E-03,+356E-03,+110E-03,+105E-03
+46.800E+00,+26E-03,+359E-03,+347E-03,+351E-03
+46.900E+00,+24E-03,+332E-03,+346E-03,+337E-03
+47.000E+00,+18E-03,+105E-03,+307E-03,+309E-03
+47.100E+00,+19E-03,+77E-03,+297E-03,+293E-03
+47.200E+00,+13E-03,+296E-03,+86E-03,+103E-03
+47.300E+00,+8E-03,+330E-03,+95E-03,+87E-03
+47.400E+00,+309E-03,+348E-03,+289E-03,+289E-03
+47.500E+00,+28E-03,+248E-03,+301E-03,+295E-03
+47.600E+00,+19E-03,+215E-03,+280E-03,+254E-03
+47.700E+00,+15E-03,+68E-03,+269E-03,+263E-03
+47.800E+00,+4E-03,+68E-03,+79E-03,+76E-03
+47.900E+00,+6E-03,+328E-03,+85E-03,+86E-03
+48.000E+00,+6E-03,+339E-03,+73E-03,+76E-03
+48.100E+00,+3E-03,+341E-03,+81E-03,+70E-03
+48.200E+00,-1E-03,+349E-03,+85E-03,+85E-03
+48.300E+00,+8E-03,+362E-03,+82E-03,+82E-03
+48.400E+00,+19E-03,+343E-03,+334E-03,+324E-03
+48.500E+00,+18E-03,+326E-03,+324E-03,+322E-03
+48.600E+00,+23E-03,+318E-03,+233E-03,+230E-03
+48.700E+00,+15E-03,+328E-03,+301E-03,+293E-03
+48.800E+00,+23E-03,+346E-03,+300E-03,+297E-03
+48.900E+00,+21E-03,+329E-03,+298E-03,+293E-03
+49.000E+00,+24E-03,+351E-03,+305E-03,+284E-03
+49.100E+00,+23E-03,+349E-03,+300E-03,+284E-03
+49.200E+00,+23E-03,+363E-03,+361E-03,+371E-03
+49.300E+00,+20E-03,+324E-03,+359E-03,+348E-03
+49.400E+00,+28E-03,+331E-03,+254E-03,+250E-03
+49.500E+00,+19E-03,+337E-03,+246E-03,+246E-03
+49.600E+00,+16E-03,+336E-03,+250E-03,+257E-03
+49.700E+00,+23E-03,+355E-03,+255E-03,+250E-03
+49.800E+00,+24E-03,+348E-03,+249E-03,+240E-03
+49.900E+00,+74E-03,+366E-03,+372E-03,+361E-03
+50.000E+00,+13E-03,+336E-03,+357E-03,+357E-03
+50.100E+00,+17E-03,+288E-03,+247E-03,+247E-03
+50.200E+00,+21E-03,+343E-03,+300E-03,+290E-03
+50.300E+00,+14E-03,+340E-03,+295E-03,+290E-03
+50.400E+00,+26E-03,+339E-03,+290E-03,+287E-03
+50.500E+00,+22E-03,+338E-03,+294E-03,+295E-03
+50.600E+00,+23E-03,+353E-03,+297E-03,+287E-03
+50.700E+00,+230E-03,+365E-03,+302E-03,+297E-03
+50.800E+00,+23E-03,+336E-03,+367E-03,+357E-03
+50.900E+00,+1E-03,+52E-03,+65E-03,+62E-03
+51.000E+00,-4E-03,+319E-03,+69E-03,+63E-03
+51.100E+00,+25E-03,+89E-03,+275E-03,+280E-03
+51.200E+00,+16E-03,+38E-03,+277E-03,+274E-03
+51.300E+00,+10E-03,+207E-03,+66E-03,+64E-03
+51.400E+00,+3E-03,+244E-03,+69E-03,+76E-03
+51.500E+00,+14E-03,+181E-03,+239E-03,+236E-03
+51.600E+00,+9E-03,+266E-03,+193E-03,+180E-03
+51.700E+00,+8E-03,+328E-03,+185E-03,+185E-03
+51.800E+00,+21E-03,+236E-03,+287E-03,+299E-03
+51.900E+00,+8E-03,+156E-03,+240E-03,+228E-03
+52.000E+00,+16E-03,+95E-03,+254E-03,+247E-03
+52.100E+00,+7E-03,+227E-03,+112E-03,+105E-03
+52.200E+00,+11E-03,+137E-03,+200E-03,+195E-03
+52.300E+00,+12E-03,+36E-03,+204E-03,+203E-03
+52.400E+00,+6E-03,+72E-03,+43E-03,+39E-03
+52.500E+00,+100E-03,+82E-03,+87E-03,+74E-03
+52.600E+00,+6E-03,+197E-03,+95E-03,+83E-03
+52.700E+00,+17E-03,+260E-03,+197E-03,+186E-03
+52.800E+00,+23E-03,+232E-03,+287E-03,+274E-03
+52.900E+00,+20E-03,+203E-03,+284E-03,+279E-03
+53.000E+00,+16E-03,+105E-03,+235E-03,+227E-03
+53.100E+00,+5E-03,+221E-03,+116E-03,+113E-03
+53.200E+00,+56E-03,+232E-03,+254E-03,+227E-03
+53.300E+00,+18E-03,+103E-03,+245E-03,+233E-03
+53.400E+00,+41E-03,+56E-03,+95E-03,+90E-03
+53.500E+00,+7E-03,+245E-03,+69E-03,+74E-03
+53.600E+00,-1E-03,+262E-03,+76E-03,+79E-03
+53.700E+00,+9E-03,+22E-03,+256E-03,+244E-03
+53.800E+00,+6E-03,+72E-03,+41E-03,+33E-03
+53.900E+00,+77E-03,+126E-03,+61E-03,+65E-03
+54.000E+00,+13E-03,+286E-03,+113E-03,+106E-03
+54.100E+00,+9E-03,+198E-03,+279E-03,+286E-03
+54.200E+00,+18E-03,+115E-03,+192E-03,+188E-03
+54.300E+00,+17E-03,+33E-03,+190E-03,+196E-03
+54.400E+00,-8E-03,+118E-03,+56E-03,+36E-03
+54.500E+00,-6E-03,+333E-03,+48E-03,+49E-03
+54.600E+00,-6E-03,+336E-03,+49E-03,+43E-03
+54.700E+00,-0.0E+00,+344E-03,+51E-03,+43E-03
+54.800E+00,-11E-03,+346E-03,+39E-03,+49E-03
+54.900E+00,-7E-03,+372E-03,+45E-03,+53E-03
+55.000E+00,+19E-03,+351E-03,+334E-03,+332E-03
+55.100E+00,+21E-03,+330E-03,+330E-03,+323E-03
+55.200E+00,+9E-03,+252E-03,+244E-03,+237E-03
+55.300E+00,+19E-03,+335E-03,+279E-03,+274E-03
+55.400E+00,+21E-03,+346E-03,+275E-03,+274E-03
+55.500E+00,+20E-03,+338E-03,+308E-03,+316E-03
+55.600E+00,+13E-03,+45E-03,+314E-03,+300E-03
+55.700E+00,+10E-03,+306E-03,+74E-03,+56E-03
+55.800E+00,+13E-03,+289E-03,+292E-03,+285E-03
+55.900E+00,+18E-03,+283E-03,+284E-03,+284E-03
+56.000E+00,+19E-03,+226E-03,+280E-03,+277E-03
+56.100E+00,+15E-03,+182E-03,+249E-03,+241E-03
+56.200E+00,+14E-03,+83E-03,+173E-03,+162E-03
+56.300E+00,-0.0E+00,+26E-03,+40E-03,+24E-03
+56.400E+00,+3E-03,+199E-03,+39E-03,+36E-03
+56.500E+00,+25E-03,+169E-03,+205E-03,+203E-03
+56.600E+00,+8E-03,+209E-03,+187E-03,+180E-03
+56.700E+00,+23E-03,+138E-03,+224E-03,+217E-03
+56.800E+00,+26E-03,+88E-03,+233E-03,+223E-03
+56.900E+00,+22E-03,+324E-03,+125E-03,+114E-03
+57.000E+00,+21E-03,+344E-03,+126E-03,+113E-03
+57.100E+00,+20E-03,+335E-03,+119E-03,+117E-03
+57.200E+00,+19E-03,+353E-03,+126E-03,+126E-03
+57.300E+00,+18E-03,+354E-03,+126E-03,+115E-03
+57.400E+00,+18E-03,+368E-03,+120E-03,+115E-03
+57.500E+00,+21E-03,+342E-03,+356E-03,+346E-03
+57.600E+00,+16E-03,+122E-03,+354E-03,+344E-03
+57.700E+00,-6E-03,+69E-03,+137E-03,+128E-03
+57.800E+00,+8E-03,+30E-03,+69E-03,+68E-03
+57.900E+00,-0.0E+00,+79E-03,+35E-03,+35E-03
+58.000E+00,+13E-03,+82E-03,+86E-03,+63E-03
+58.100E+00,+9E-03,+256E-03,+90E-03,+77E-03
+58.200E+00,+23E-03,+338E-03,+254E-03,+257E-03
+58.300E+00,+21E-03,+338E-03,+259E-03,+253E-03
+58.400E+00,+19E-03,+339E-03,+260E-03,+250E-03
+58.500E+00,+24E-03,+339E-03,+258E-03,+252E-03
+58.600E+00,+21E-03,+353E-03,+259E-03,+242E-03
+58.700E+00,+367E-03,+368E-03,+319E-03,+316E-03
+58.800E+00,+16E-03,+336E-03,+354E-03,+357E-03
+58.900E+00,+17E-03,+158E-03,+237E-03,+228E-03
+59.000E+00,+19E-03,+125E-03,+238E-03,+233E-03
+59.100E+00,+8E-03,+313E-03,+152E-03,+145E-03
+59.200E+00,+217E-03,+289E-03,+146E-03,+146E-03
+59.300E+00,+18E-03,+103E-03,+292E-03,+280E-03
+59.400E+00,+23E-03,+87E-03,+280E-03,+280E-03
+59.500E+00,+16E-03,+182E-03,+113E-03,+104E-03
+59.600E+00,+19E-03,+256E-03,+193E-03,+187E-03
+59.700E+00,+23E-03,+182E-03,+268E-03,+259E-03
+59.800E+00,+29E-03,+128E-03,+269E-03,+257E-03
+59.900E+00,+18E-03,+72E-03,+151E-03,+145E-03
+60.000E+00,+6E-03,+105E-03,+86E-03,+86E-03
+60.100E+00,+3E-03,+145E-03,+78E-03,+79E-03
+60.200E+00,+9E-03,+324E-03,+143E-03,+145E-03
+60.300E+00,+13E-03,+334E-03,+146E-03,+146E-03
+60.400E+00,+19E-03,+356E-03,+150E-03,+146E-03
+60.500E+00,+13E-03,+354E-03,+146E-03,+151E-03
+60.600E+00,+19E-03,+354E-03,+146E-03,+145E-03
+60.700E+00,+42E-03,+374E-03,+350E-03,+346E-03
+60.800E+00,+13E-03,+329E-03,+344E-03,+344E-03
+60.900E+00,+11E-03,+156E-03,+345E-03,+332E-03
+61.000E+00,+11E-03,+264E-03,+173E-03,+165E-03
+61.100E+00,+13E-03,+144E-03,+275E-03,+270E-03
+61.200E+00,+26E-03,+232E-03,+123E-03,+120E-03
+61.300E+00,+15E-03,+334E-03,+127E-03,+121E-03
+61.400E+00,+11E-03,+341E-03,+121E-03,+121E-03
+61.500E+00,+13E-03,+338E-03,+123E-03,+122E-03
+61.600E+00,+6E-03,+353E-03,+120E-03,+113E-03
+61.700E+00,+7E-03,+361E-03,+123E-03,+120E-03
+61.800E+00,+14E-03,+354E-03,+352E-03,+349E-03
+61.900E+00,+18E-03,+347E-03,+349E-03,+344E-03
+62.000E+00,+23E-03,+149E-03,+310E-03,+284E-03
+62.100E+00,+2E-03,+177E-03,+130E-03,+123E-03
+62.200E+00,+6E-03,+301E-03,+136E-03,+135E-03
+62.300E+00,+6E-03,+309E-03,+130E-03,+136E-03
+62.400E+00,+23E-03,+192E-03,+274E-03,+284E-03
+62.500E+00,+23E-03,+245E-03,+203E-03,+197E-03
+62.600E+00,+16E-03,+266E-03,+200E-03,+190E-03
+62.700E+00,+18E-03,+185E-03,+270E-03,+269E-03
+62.800E+00,+13E-03,+249E-03,+193E-03,+183E-03
+62.900E+00,+18E-03,+267E-03,+189E-03,+195E-03
+63.000E+00,+21E-03,+105E-03,+284E-03,+275E-03
+63.100E+00,+13E-03,+82E-03,+126E-03,+115E-03
+63.200E+00,-1E-03,+31E-03,+33E-03,+23E-03
+63.300E+00,-0.0E+00,+64E-03,+85E-03,+85E-03
+63.400E+00,+14E-03,+55E-03,+59E-03,+41E-03
+63.500E+00,+9E-03,+233E-03,+54E-03,+58E-03
+63.600E+00,+6E-03,+232E-03,+56E-03,+56E-03
+63.700E+00,+7E-03,+189E-03,+219E-03,+213E-03
+63.800E+00,+11E-03,+326E-03,+187E-03,+185E-03
+63.900E+00,+13E-03,+336E-03,+195E-03,+180E-03
+64.000E+00,+9E-03,+353E-03,+177E-03,+193E-03
+64.100E+00,+15E-03,+344E-03,+189E-03,+173E-03
+64.200E+00,+11E-03,+354E-03,+188E-03,+182E-03
+64.300E+00,+21E-03,+355E-03,+350E-03,+349E-03
+64.400E+00,+19E-03,+326E-03,+337E-03,+331E-03
+64.500E+00,+21E-03,+260E-03,+265E-03,+259E-03
+64.600E+00,+18E-03,+257E-03,+300E-03,+290E-03
+64.700E+00,+6E-03,+108E-03,+291E-03,+292E-03
+64.800E+00,+9E-03,+182E-03,+143E-03,+140E-03
+64.900E+00,+17E-03,+323E-03,+203E-03,+203E-03
+65.000E+00,+11E-03,+339E-03,+198E-03,+195E-03
+65.100E+00,+13E-03,+348E-03,+198E-03,+189E-03
+65.200E+00,+6E-03,+349E-03,+200E-03,+197E-03
+65.300E+00,+9E-03,+361E-03,+183E-03,+183E-03
+65.400E+00,+61E-03,+361E-03,+352E-03,+352E-03
+65.500E+00,+28E-03,+338E-03,+346E-03,+344E-03
+65.600E+00,-4E-03,+85E-03,+66E-03,+56E-03
+65.700E+00,-4E-03,+333E-03,+67E-03,+64E-03
+65.800E+00,+4E-03,+348E-03,+69E-03,+69E-03
+65.900E+00,+3E-03,+352E-03,+79E-03,+72E-03
+66.000E+00,+9E-03,+353E-03,+69E-03,+53E-03
+66.100E+00,-3E-03,+355E-03,+69E-03,+62E-03
+66.200E+00,+13E-03,+341E-03,+336E-03,+327E-03
+66.300E+00,+85E-03,+243E-03,+242E-03,+244E-03
+66.400E+00,+16E-03,+339E-03,+247E-03,+240E-03
+66.500E+00,+20E-03,+353E-03,+242E-03,+237E-03
+66.600E+00,+23E-03,+346E-03,+250E-03,+245E-03
+66.700E+00,+23E-03,+355E-03,+249E-03,+249E-03
+66.800E+00,+29E-03,+376E-03,+233E-03,+244E-03
+66.900E+00,+20E-03,+345E-03,+361E-03,+353E-03
+67.000E+00,+16E-03,+237E-03,+352E-03,+356E-03
+67.100E+00,+4E-03,+152E-03,+187E-03,+179E-03
+67.200E+00,+13E-03,+299E-03,+143E-03,+153E-03
+67.300E+00,+39E-03,+311E-03,+159E-03,+148E-03
+67.400E+00,+9E-03,+210E-03,+295E-03,+289E-03
+67.500E+00,+22E-03,+96E-03,+220E-03,+213E-03
+67.600E+00,+19E-03,+48E-03,+217E-03,+210E-03
+67.700E+00,+18E-03,+41E-03,+215E-03,+211E-03
+67.800E+00,+19E-03,+41E-03,+217E-03,+205E-03
+67.900E+00,+23E-03,+40E-03,+203E-03,+211E-03
+68.000E+00,+29E-03,+48E-03,+203E-03,+207E-03
+68.100E+00,+20E-03,+49E-03,+225E-03,+206E-03
+68.200E+00,+18E-03,+46E-03,+202E-03,+205E-03
+68.300E+00,+12E-03,+41E-03,+206E-03,+205E-03
+68.400E+00,+23E-03,+55E-03,+197E-03,+207E-03
+68.500E+00,+17E-03,+41E-03,+207E-03,+200E-03
+68.600E+00,+4E-03,+292E-03,+83E-03,+69E-03
+68.700E+00,+7E-03,+333E-03,+75E-03,+67E-03
+68.800E+00,+3E-03,+336E-03,+73E-03,+66E-03
+68.900E+00,+167E-03,+328E-03,+124E-03,+127E-03
+69.000E+00,+28E-03,+328E-03,+302E-03,+294E-03
+69.100E+00,+11E-03,+288E-03,+250E-03,+259E-03
+69.200E+00,+6E-03,+303E-03,+247E-03,+244E-03
+69.300E+00,+9E-03,+225E-03,+290E-03,+285E-03
+69.400E+00,+18E-03,+135E-03,+227E-03,+225E-03
+69.500E+00,+8E-03,+115E-03,+136E-03,+127E-03
+69.600E+00,+6E-03,+239E-03,+130E-03,+133E-03
+69.700E+00,+15E-03,+138E-03,+234E-03,+226E-03
+69.800E+00,+14E-03,+144E-03,+131E-03,+118E-03
+69.900E+00,+12E-03,+152E-03,+182E-03,+170E-03
+70.000E+00,+13E-03,+192E-03,+150E-03,+143E-03
+70.100E+00,+70E-03,+186E-03,+161E-03,+151E-03
+70.200E+00,+11E-03,+301E-03,+188E-03,+187E-03
+70.300E+00,+17E-03,+264E-03,+295E-03,+294E-03
+70.400E+00,+39E-03,+45E-03,+300E-03,+280E-03
+70.500E+00,-4E-03,+54E-03,+52E-03,+39E-03
+70.600E+00,-4E-03,+282E-03,+46E-03,+38E-03
+70.700E+00,+97E-03,+277E-03,+268E-03,+257E-03
+70.800E+00,+26E-03,+333E-03,+260E-03,+257E-03
+70.900E+00,+24E-03,+343E-03,+254E-03,+256E-03
+71.000E+00,+23E-03,+338E-03,+249E-03,+254E-03
+71.100E+00,+24E-03,+353E-03,+254E-03,+253E-03
+71.200E+00,+23E-03,+363E-03,+260E-03,+247E-03
+71.300E+00,+20E-03,+337E-03,+362E-03,+353E-03
+71.400E+00,+19E-03,+82E-03,+357E-03,+354E-03
+71.500E+00,+5E-03,+299E-03,+55E-03,+45E-03
+71.600E+00,+9E-03,+339E-03,+66E-03,+59E-03
+71.700E+00,+17E-03,+184E-03,+290E-03,+283E-03
+71.800E+00,+3E-03,+189E-03,+183E-03,+178E-03
+71.900E+00,+4E-03,+332E-03,+182E-03,+182E-03
+72.000E+00,+3E-03,+339E-03,+187E-03,+173E-03
+72.100E+00,+6E-03,+345E-03,+182E-03,+186E-03
+72.200E+00,+3E-03,+351E-03,+178E-03,+172E-03
+72.300E+00,+5E-03,+358E-03,+175E-03,+176E-03
+72.400E+00,+26E-03,+343E-03,+351E-03,+337E-03
+72.500E+00,+23E-03,+332E-03,+340E-03,+341E-03
+72.600E+00,+11E-03,+246E-03,+88E-03,+83E-03
+72.700E+00,+14E-03,+297E-03,+72E-03,+81E-03
+72.800E+00,+9E-03,+82E-03,+270E-03,+277E-03
+72.900E+00,+13E-03,+50E-03,+282E-03,+277E-03
+73.000E+00,+6E-03,+286E-03,+71E-03,+73E-03
+73.100E+00,+3E-03,+309E-03,+82E-03,+67E-03
+73.200E+00,+19E-03,+333E-03,+277E-03,+274E-03
+73.300E+00,+17E-03,+348E-03,+272E-03,+279E-03
+73.400E+00,+21E-03,+343E-03,+267E-03,+272E-03
+73.500E+00,+19E-03,+354E-03,+266E-03,+265E-03
+73.600E+00,+23E-03,+356E-03,+267E-03,+270E-03
+73.700E+00,+23E-03,+343E-03,+358E-03,+345E-03
+73.800E+00,+18E-03,+237E-03,+354E-03,+349E-03
+73.900E+00,+10E-03,+74E-03,+51E-03,+42E-03
+74.000E+00,+6E-03,+85E-03,+49E-03,+56E-03
+74.100E+00,+8E-03,+21E-03,+28E-03,+23E-03
+74.200E+00,+13E-03,+152E-03,+34E-03,+29E-03
+74.300E+00,+11E-03,+190E-03,+149E-03,+148E-03
+74.400E+00,+9E-03,+232E-03,+146E-03,+140E-03
+74.500E+00,+24E-03,+273E-03,+237E-03,+232E-03
+74.600E+00,+16E-03,+246E-03,+295E-03,+295E-03
+74.700E+00,+14E-03,+76E-03,+249E-03,+244E-03
+74.800E+00,+26E-03,+55E-03,+254E-03,+247E-03
+74.900E+00,+10E-03,+202E-03,+59E-03,+51E-03
+75.000E+00,+8E-03,+282E-03,+63E-03,+61E-03
+75.100E+00,+15E-03,+230E-03,+270E-03,+275E-03
+75.200E+00,+13E-03,+135E-03,+274E-03,+267E-03
+75.300E+00,+10E-03,+64E-03,+151E-03,+147E-03
+75.400E+00,+11E-03,+16E-03,+165E-03,+146E-03
+75.500E+00,-0.0E+00,+299E-03,+35E-03,+35E-03
+75.600E+00,+26E-03,+339E-03,+280E-03,+277E-03
+75.700E+00,+22E-03,+186E-03,+277E-03,+275E-03
+75.800E+00,+26E-03,+187E-03,+277E-03,+274E-03
+75.900E+00,+8E-03,+113E-03,+202E-03,+203E-03
+76.000E+00,+9E-03,+286E-03,+123E-03,+120E-03
+76.100E+00,+5E-03,+325E-03,+122E-03,+111E-03
+76.200E+00,+18E-03,+95E-03,+279E-03,+282E-03
+76.300E+00,+18E-03,+45E-03,+291E-03,+281E-03
+76.400E+00,-1E-03,+48E-03,+16E-03,+13E-03
+76.500E+00,+8E-03,+160E-03,+69E-03,+67E-03
+76.600E+00,+212E-03,+232E-03,+153E-03,+145E-03
+76.700E+00,+9E-03,+334E-03,+203E-03,+201E-03
+76.800E+00,+9E-03,+333E-03,+197E-03,+200E-03
+76.900E+00,+7E-03,+346E-03,+204E-03,+201E-03
+77.000E+00,+8E-03,+346E-03,+207E-03,+195E-03
+77.100E+00,+12E-03,+340E-03,+312E-03,+309E-03
+77.200E+00,+213E-03,+276E-03,+324E-03,+324E-03
+77.300E+00,+8E-03,+310E-03,+276E-03,+270E-03
+77.400E+00,+13E-03,+194E-03,+290E-03,+289E-03
+77.500E+00,+13E-03,+94E-03,+293E-03,+294E-03
+77.600E+00,+19E-03,+82E-03,+287E-03,+294E-03
+77.700E+00,+1E-03,+258E-03,+108E-03,+91E-03
+77.800E+00,+3E-03,+338E-03,+101E-03,+101E-03
+77.900E+00,+10E-03,+327E-03,+300E-03,+286E-03
+78.000E+00,+16E-03,+31E-03,+297E-03,+287E-03
+78.100E+00,+1E-03,+72E-03,+52E-03,+52E-03
+78.200E+00,+4E-03,+179E-03,+86E-03,+85E-03
+78.300E+00,+12E-03,+294E-03,+98E-03,+86E-03
+78.400E+00,+26E-03,+179E-03,+290E-03,+277E-03
+78.500E+00,+23E-03,+21E-03,+284E-03,+269E-03
+78.600E+00,-4E-03,+130E-03,+48E-03,+44E-03
+78.700E+00,+9E-03,+170E-03,+123E-03,+131E-03
+78.800E+00,+9E-03,+159E-03,+203E-03,+200E-03
+78.900E+00,-3E-03,+38E-03,+54E-03,+44E-03
+79.000E+00,+3E-03,+155E-03,+51E-03,+59E-03
+79.100E+00,+10E-03,+246E-03,+142E-03,+131E-03
+79.200E+00,+23E-03,+249E-03,+284E-03,+270E-03
+79.300E+00,+22E-03,+189E-03,+274E-03,+264E-03
+79.400E+00,+9E-03,+306E-03,+203E-03,+198E-03
+79.500E+00,+23E-03,+110E-03,+279E-03,+278E-03
+79.600E+00,+23E-03,+72E-03,+280E-03,+277E-03
+79.700E+00,+8E-03,+139E-03,+93E-03,+90E-03
+79.800E+00,+4E-03,+162E-03,+140E-03,+146E-03
+79.900E+00,+10E-03,+328E-03,+145E-03,+141E-03
+80.000E+00,+6E-03,+349E-03,+146E-03,+140E-03
+80.100E+00,+8E-03,+334E-03,+140E-03,+136E-03
+80.200E+00,+8E-03,+351E-03,+155E-03,+136E-03
+80.300E+00,+12E-03,+361E-03,+137E-03,+136E-03
+80.400E+00,+23E-03,+346E-03,+347E-03,+337E-03
+80.500E+00,+30E-03,+334E-03,+339E-03,+332E-03
+80.600E+00,+11E-03,+147E-03,+44E-03,+38E-03
+80.700E+00,+8E-03,+337E-03,+45E-03,+39E-03
+80.800E+00,+9E-03,+353E-03,+53E-03,+49E-03
+80.900E+00,+3E-03,+347E-03,+44E-03,+49E-03
+81.000E+00,+6E-03,+346E-03,+48E-03,+46E-03
+81.100E+00,+15E-03,+370E-03,+47E-03,+54E-03
+81.200E+00,+26E-03,+353E-03,+327E-03,+331E-03
+81.300E+00,+127E-03,+109E-03,+229E-03,+215E-03
+81.400E+00,+6E-03,+214E-03,+131E-03,+131E-03
+81.500E+00,+212E-03,+226E-03,+196E-03,+193E-03
+81.600E+00,+16E-03,+279E-03,+217E-03,+213E-03
+81.700E+00,+25E-03,+125E-03,+274E-03,+277E-03
+81.800E+00,+24E-03,+87E-03,+280E-03,+275E-03
+81.900E+00,+7E-03,+282E-03,+134E-03,+122E-03
+82.000E+00,+9E-03,+323E-03,+120E-03,+120E-03
+82.100E+00,+7E-03,+67E-03,+285E-03,+280E-03
+82.200E+00,+11E-03,+40E-03,+287E-03,+272E-03
+82.300E+00,+5E-03,+277E-03,+49E-03,+58E-03
+82.400E+00,+26E-03,+152E-03,+277E-03,+277E-03
+82.500E+00,+15E-03,+24E-03,+278E-03,+269E-03
+82.600E+00,+9E-03,+50E-03,+53E-03,+43E-03
+82.700E+00,+6E-03,+337E-03,+62E-03,+44E-03
+82.800E+00,+3E-03,+339E-03,+49E-03,+43E-03
+82.900E+00,+10E-03,+349E-03,+46E-03,+45E-03
+83.000E+00,+6E-03,+354E-03,+54E-03,+49E-03
+83.100E+00,+11E-03,+356E-03,+52E-03,+47E-03
+83.200E+00,+13E-03,+346E-03,+341E-03,+327E-03
+83.300E+00,+23E-03,+273E-03,+329E-03,+328E-03
+83.400E+00,+24E-03,+133E-03,+232E-03,+230E-03
+83.500E+00,+28E-03,+136E-03,+233E-03,+228E-03
+83.600E+00,+9E-03,+162E-03,+153E-03,+150E-03
+83.700E+00,+5E-03,+262E-03,+173E-03,+163E-03
+83.800E+00,+24E-03,+259E-03,+284E-03,+280E-03
+83.900E+00,+23E-03,+169E-03,+279E-03,+279E-03
+84.000E+00,+13E-03,+303E-03,+200E-03,+173E-03
+84.100E+00,+1E-03,+324E-03,+191E-03,+179E-03
+84.200E+00,+23E-03,+297E-03,+304E-03,+295E-03
+84.300E+00,+13E-03,+329E-03,+299E-03,+300E-03
+84.400E+00,+16E-03,+336E-03,+307E-03,+297E-03
+84.500E+00,+22E-03,+338E-03,+299E-03,+283E-03
+84.600E+00,+16E-03,+353E-03,+295E-03,+290E-03
+84.700E+00,+15E-03,+359E-03,+294E-03,+303E-03
+84.800E+00,+16E-03,+363E-03,+297E-03,+284E-03
+84.900E+00,+10E-03,+338E-03,+342E-03,+350E-03
+85.000E+00,+14E-03,+165E-03,+356E-03,+356E-03
+85.100E+00,+3E-03,+301E-03,+105E-03,+89E-03
+85.200E+00,+9E-03,+316E-03,+106E-03,+93E-03
+85.300E+00,+22E-03,+205E-03,+285E-03,+270E-03
+85.400E+00,+16E-03,+244E-03,+207E-03,+200E-03
+85.500E+00,+20E-03,+198E-03,+269E-03,+261E-03
+85.600E+00,+16E-03,+72E-03,+267E-03,+257E-03
+85.700E+00,-3E-03,+140E-03,+97E-03,+101E-03
+85.800E+00,+1E-03,+172E-03,+100E-03,+96E-03
+85.900E+00,+13E-03,+240E-03,+162E-03,+159E-03
+86.000E+00,+9E-03,+282E-03,+156E-03,+153E-03
+86.100E+00,+17E-03,+116E-03,+277E-03,+269E-03
+86.200E+00,+14E-03,+92E-03,+269E-03,+262E-03
+86.300E+00,+17E-03,+83E-03,+266E-03,+263E-03
+86.400E+00,+6E-03,+279E-03,+113E-03,+113E-03
+86.500E+00,+168E-03,+306E-03,+139E-03,+141E-03
+86.600E+00,+16E-03,+142E-03,+264E-03,+274E-03
+86.700E+00,+15E-03,+110E-03,+157E-03,+156E-03
+86.800E+00,+9E-03,+299E-03,+100E-03,+110E-03
+86.900E+00,+14E-03,+335E-03,+109E-03,+101E-03
+87.000E+00,+14E-03,+339E-03,+113E-03,+105E-03
+87.100E+00,+9E-03,+347E-03,+105E-03,+106E-03
+87.200E+00,+9E-03,+356E-03,+110E-03,+110E-03
+87.300E+00,+10E-03,+368E-03,+114E-03,+110E-03
+87.400E+00,+19E-03,+349E-03,+352E-03,+342E-03
+87.500E+00,+18E-03,+290E-03,+346E-03,+343E-03
+87.600E+00,+19E-03,+65E-03,+156E-03,+160E-03
+87.700E+00,+7E-03,+55E-03,+64E-03,+63E-03
+87.800E+00,+3E-03,+194E-03,+64E-03,+66E-03
+87.900E+00,+8E-03,+299E-03,+188E-03,+196E-03
+88.000E+00,+6E-03,+346E-03,+183E-03,+187E-03
+88.100E+00,+3E-03,+338E-03,+186E-03,+193E-03
+88.200E+00,+14E-03,+349E-03,+183E-03,+183E-03
+88.300E+00,+13E-03,+349E-03,+192E-03,+178E-03
+88.400E+00,+9E-03,+380E-03,+183E-03,+183E-03
+88.500E+00,+20E-03,+344E-03,+341E-03,+335E-03
+88.600E+00,+11E-03,+174E-03,+156E-03,+148E-03
+88.700E+00,+16E-03,+338E-03,+159E-03,+158E-03
+88.800E+00,+23E-03,+192E-03,+307E-03,+297E-03
+88.900E+00,+13E-03,+210E-03,+183E-03,+181E-03
+89.000E+00,+13E-03,+251E-03,+192E-03,+195E-03
+89.100E+00,+18E-03,+144E-03,+262E-03,+250E-03
+89.200E+00,+16E-03,+88E-03,+244E-03,+250E-03
+89.300E+00,+11E-03,+33E-03,+116E-03,+105E-03
+89.400E+00,+3E-03,+282E-03,+49E-03,+48E-03
+89.500E+00,+8E-03,+316E-03,+59E-03,+58E-03
+89.600E+00,+23E-03,+276E-03,+270E-03,+267E-03
+89.700E+00,+13E-03,+79E-03,+277E-03,+279E-03
+89.800E+00,+14E-03,+56E-03,+284E-03,+272E-03
+89.900E+00,+11E-03,+178E-03,+79E-03,+69E-03
+90.000E+00,+13E-03,+179E-03,+83E-03,+83E-03
+90.100E+00,+18E-03,+322E-03,+182E-03,+190E-03
+90.200E+00,+16E-03,+319E-03,+187E-03,+175E-03
+90.300E+00,+23E-03,+236E-03,+300E-03,+295E-03
+90.400E+00,+23E-03,+105E-03,+247E-03,+240E-03
+90.500E+00,+12E-03,+143E-03,+103E-03,+95E-03
+90.600E+00,+1E-03,+205E-03,+105E-03,+91E-03
+90.700E+00,+19E-03,+328E-03,+209E-03,+202E-03
+90.800E+00,+23E-03,+282E-03,+304E-03,+297E-03
+90.900E+00,+19E-03,+328E-03,+293E-03,+290E-03
+91.000E+00,+21E-03,+333E-03,+287E-03,+280E-03
+91.100E+00,+22E-03,+338E-03,+283E-03,+277E-03
+91.200E+00,+33E-03,+343E-03,+280E-03,+267E-03
+91.300E+00,+19E-03,+357E-03,+279E-03,+275E-03
+91.400E+00,+24E-03,+341E-03,+346E-03,+351E-03
+91.500E+00,+23E-03,+329E-03,+341E-03,+337E-03
+91.600E+00,+26E-03,+169E-03,+254E-03,+247E-03
+91.700E+00,+17E-03,+223E-03,+176E-03,+170E-03
+91.800E+00,+18E-03,+294E-03,+170E-03,+172E-03
+91.900E+00,+8E-03,+108E-03,+292E-03,+284E-03
+92.000E+00,+16E-03,+108E-03,+284E-03,+287E-03
+92.100E+00,+12E-03,+332E-03,+114E-03,+102E-03
+92.200E+00,+11E-03,+336E-03,+118E-03,+108E-03
+92.300E+00,+10E-03,+353E-03,+108E-03,+108E-03
+92.400E+00,+16E-03,+363E-03,+106E-03,+106E-03
+92.500E+00,+12E-03,+354E-03,+109E-03,+105E-03
+92.600E+00,+16E-03,+354E-03,+346E-03,+339E-03
+92.700E+00,+21E-03,+339E-03,+338E-03,+332E-03
+92.800E+00,+23E-03,+122E-03,+116E-03,+106E-03
+92.900E+00,+18E-03,+333E-03,+118E-03,+107E-03
+93.000E+00,+23E-03,+242E-03,+299E-03,+287E-03
+93.100E+00,+10E-03,+310E-03,+254E-03,+254E-03
+93.200E+00,+13E-03,+339E-03,+257E-03,+240E-03
+93.300E+00,+19E-03,+179E-03,+306E-03,+304E-03
+93.400E+00,+24E-03,+149E-03,+299E-03,+297E-03
+93.500E+00,+14E-03,+103E-03,+182E-03,+177E-03
+93.600E+00,+6E-03,+18E-03,+126E-03,+113E-03
+93.700E+00,+3E-03,+274E-03,+27E-03,+18E-03
+93.800E+00,+8E-03,+291E-03,+39E-03,+28E-03
+93.900E+00,+16E-03,+124E-03,+265E-03,+273E-03
+94.000E+00,+6E-03,+202E-03,+120E-03,+113E-03
+94.100E+00,+12E-03,+306E-03,+121E-03,+120E-03
+94.200E+00,+11E-03,+58E-03,+287E-03,+277E-03
+94.300E+00,+12E-03,+36E-03,+281E-03,+274E-03
+94.400E+00,-4E-03,+179E-03,+49E-03,+46E-03
+94.500E+00,+25E-03,+40E-03,+170E-03,+167E-03
+94.600E+00,+1E-03,+48E-03,+56E-03,+49E-03
+94.700E+00,-1E-03,+236E-03,+59E-03,+48E-03
+94.800E+00,+13E-03,+179E-03,+240E-03,+244E-03
+94.900E+00,+23E-03,+16E-03,+244E-03,+228E-03
+95.000E+00,+3E-03,+62E-03,+39E-03,+29E-03
+95.100E+00,+5E-03,+100E-03,+64E-03,+59E-03
+95.200E+00,+19E-03,+192E-03,+126E-03,+103E-03
+95.300E+00,+7E-03,+333E-03,+124E-03,+114E-03
+95.400E+00,+13E-03,+341E-03,+121E-03,+108E-03
+95.500E+00,+13E-03,+351E-03,+109E-03,+113E-03
+95.600E+00,+6E-03,+329E-03,+304E-03,+290E-03
+95.700E+00,+13E-03,+109E-03,+295E-03,+291E-03
+95.800E+00,+4E-03,+40E-03,+123E-03,+118E-03
+95.900E+00,+3E-03,+306E-03,+38E-03,+43E-03
+96.000E+00,+9E-03,+336E-03,+56E-03,+49E-03
+96.100E+00,+13E-03,+349E-03,+56E-03,+45E-03
+96.200E+00,+6E-03,+351E-03,+46E-03,+46E-03
+96.300E+00,+8E-03,+348E-03,+48E-03,+38E-03
+96.400E+00,+19E-03,+349E-03,+317E-03,+324E-03
+96.500E+00,+23E-03,+336E-03,+317E-03,+314E-03
+96.600E+00,+23E-03,+195E-03,+304E-03,+299E-03
+96.700E+00,+182E-03,+188E-03,+282E-03,+274E-03
+96.800E+00,+23E-03,+51E-03,+197E-03,+190E-03
+96.900E+00,+13E-03,+41E-03,+192E-03,+187E-03
+97.000E+00,-1E-03,+182E-03,+63E-03,+64E-03
+97.100E+00,+10E-03,+60E-03,+169E-03,+172E-03
+97.200E+00,-4E-03,+31E-03,+29E-03,+29E-03
+97.300E+00,-1E-03,+169E-03,+30E-03,+31E-03
+97.400E+00,-3E-03,+170E-03,+34E-03,+21E-03
+97.500E+00,+15E-03,+179E-03,+221E-03,+213E-03
+97.600E+00,+130E-03,+125E-03,+163E-03,+160E-03
+97.700E+00,+1E-03,+60E-03,+130E-03,+130E-03
+97.800E+00,+11E-03,+159E-03,+103E-03,+98E-03
+97.900E+00,+15E-03,+282E-03,+101E-03,+103E-03
+98.000E+00,+26E-03,+339E-03,+270E-03,+274E-03
+98.100E+00,+25E-03,+340E-03,+267E-03,+268E-03
+98.200E+00,+19E-03,+334E-03,+280E-03,+272E-03
+98.300E+00,+18E-03,+348E-03,+314E-03,+315E-03
+98.400E+00,+13E-03,+199E-03,+321E-03,+304E-03
+98.500E+00,+18E-03,+284E-03,+216E-03,+203E-03
+98.600E+00,+18E-03,+326E-03,+210E-03,+205E-03
+98.700E+00,+18E-03,+223E-03,+292E-03,+290E-03
+98.800E+00,+9E-03,+306E-03,+240E-03,+233E-03
+98.900E+00,+8E-03,+341E-03,+223E-03,+234E-03
+99.000E+00,+18E-03,+214E-03,+300E-03,+289E-03
+99.100E+00,+21E-03,+303E-03,+228E-03,+231E-03
+99.200E+00,+23E-03,+259E-03,+287E-03,+280E-03
+99.300E+00,+24E-03,+256E-03,+252E-03,+249E-03
+99.400E+00,+21E-03,+313E-03,+244E-03,+244E-03
+99.500E+00,+19E-03,+120E-03,+293E-03,+295E-03
+99.600E+00,+16E-03,+152E-03,+136E-03,+130E-03
+99.700E+00,+16E-03,+144E-03,+130E-03,+126E-03
+99.800E+00,+6E-03,+83E-03,+155E-03,+153E-03
+99.900E+00,+8E-03,+74E-03,+156E-03,+154E-03
+100.000E+00,+6E-03,+145E-03,+90E-03,+90E-03
+100.100E+00,+3E-03,+258E-03,+94E-03,+83E-03
+100.200E+00,+19E-03,+162E-03,+260E-03,+260E-03
+100.300E+00,+24E-03,+147E-03,+255E-03,+262E-03
+100.400E+00,+9E-03,+185E-03,+167E-03,+160E-03
+100.500E+00,+14E-03,+313E-03,+174E-03,+164E-03
+100.600E+00,+24E-03,+261E-03,+280E-03,+280E-03
+100.700E+00,+11E-03,+323E-03,+263E-03,+259E-03
+100.800E+00,+13E-03,+346E-03,+254E-03,+247E-03
+100.900E+00,+19E-03,+337E-03,+264E-03,+259E-03
+101.000E+00,+16E-03,+346E-03,+267E-03,+254E-03
+101.100E+00,+19E-03,+357E-03,+253E-03,+251E-03
+101.200E+00,+13E-03,+349E-03,+354E-03,+354E-03
+101.300E+00,+13E-03,+335E-03,+352E-03,+339E-03
+101.400E+00,+11E-03,+100E-03,+300E-03,+307E-03
+101.500E+00,+6E-03,+38E-03,+293E-03,+295E-03
+101.600E+00,-8E-03,+88E-03,+49E-03,+49E-03
+101.700E+00,+2E-03,+144E-03,+54E-03,+53E-03
+101.800E+00,+11E-03,+242E-03,+136E-03,+141E-03
+101.900E+00,+14E-03,+194E-03,+230E-03,+225E-03
+102.000E+00,+16E-03,+209E-03,+190E-03,+187E-03
+102.100E+00,+13E-03,+341E-03,+196E-03,+187E-03
+102.200E+00,+16E-03,+344E-03,+185E-03,+187E-03
+102.300E+00,+27E-03,+326E-03,+304E-03,+304E-03
+102.400E+00,+23E-03,+72E-03,+310E-03,+297E-03
+102.500E+00,+5E-03,+317E-03,+99E-03,+91E-03
+102.600E+00,+4E-03,+334E-03,+96E-03,+98E-03
+102.700E+00,+8E-03,+342E-03,+110E-03,+102E-03
+102.800E+00,+6E-03,+339E-03,+106E-03,+90E-03
+102.900E+00,+3E-03,+354E-03,+101E-03,+100E-03
+103.000E+00,+9E-03,+361E-03,+337E-03,+331E-03
+103.100E+00,+16E-03,+337E-03,+337E-03,+322E-03
+103.200E+00,+13E-03,+88E-03,+300E-03,+290E-03
+103.300E+00,+14E-03,+10E-03,+44E-03,+31E-03
+103.400E+00,-3E-03,+123E-03,+41E-03,+38E-03
+103.500E+00,+17E-03,+252E-03,+108E-03,+112E-03
+103.600E+00,+16E-03,+215E-03,+270E-03,+280E-03
+103.700E+00,+33E-03,+62E-03,+264E-03,+269E-03
+103.800E+00,+13E-03,+48E-03,+262E-03,+265E-03
+103.900E+00,+10E-03,+91E-03,+59E-03,+51E-03
+104.000E+00,+6E-03,+132E-03,+56E-03,+53E-03
+104.100E+00,-3E-03,+8E-03,+28E-03,+24E-03
+104.200E+00,+3E-03,+296E-03,+36E-03,+29E-03
+104.300E+00,+16E-03,+331E-03,+272E-03,+264E-03
+104.400E+00,+13E-03,+336E-03,+267E-03,+264E-03
+104.500E+00,+20E-03,+349E-03,+264E-03,+255E-03
+104.600E+00,+21E-03,+353E-03,+257E-03,+264E-03
+104.700E+00,+17E-03,+354E-03,+269E-03,+255E-03
+104.800E+00,+26E-03,+359E-03,+344E-03,+347E-03
+104.900E+00,+23E-03,+331E-03,+342E-03,+341E-03
+105.000E+00,+14E-03,+53E-03,+38E-03,+49E-03
+105.100E+00,+3E-03,+330E-03,+49E-03,+48E-03
+105.200E+00,+6E-03,+329E-03,+56E-03,+36E-03
+105.300E+00,+9E-03,+347E-03,+50E-03,+41E-03
+105.400E+00,+11E-03,+353E-03,+48E-03,+43E-03
+105.500E+00,+3E-03,+350E-03,+52E-03,+50E-03
+105.600E+00,+26E-03,+359E-03,+354E-03,+347E-03
+105.700E+00,+26E-03,+331E-03,+334E-03,+341E-03
+105.800E+00,+56E-03,+33E-03,+103E-03,+100E-03
+105.900E+00,+4E-03,+203E-03,+64E-03,+59E-03
+106.000E+00,+16E-03,+112E-03,+207E-03,+200E-03
+106.100E+00,+17E-03,+60E-03,+200E-03,+205E-03
+106.200E+00,+3E-03,+135E-03,+86E-03,+83E-03
+106.300E+00,+11E-03,+169E-03,+91E-03,+89E-03
+106.400E+00,+13E-03,+232E-03,+170E-03,+160E-03
+106.500E+00,+10E-03,+246E-03,+270E-03,+266E-03
+106.600E+00,+14E-03,+221E-03,+269E-03,+262E-03
+106.700E+00,+24E-03,+90E-03,+233E-03,+230E-03
+106.800E+00,+19E-03,+105E-03,+96E-03,+96E-03
+106.900E+00,+3E-03,+154E-03,+116E-03,+121E-03
+107.000E+00,+16E-03,+210E-03,+158E-03,+153E-03
+107.100E+00,+13E-03,+246E-03,+153E-03,+150E-03
+107.200E+00,+23E-03,+51E-03,+240E-03,+230E-03
+107.300E+00,+45E-03,+44E-03,+74E-03,+69E-03
+107.400E+00,+3E-03,+338E-03,+68E-03,+64E-03
+107.500E+00,+4E-03,+337E-03,+80E-03,+68E-03
+107.600E+00,+6E-03,+349E-03,+73E-03,+66E-03
+107.700E+00,-4E-03,+352E-03,+80E-03,+69E-03
+107.800E+00,+3E-03,+359E-03,+69E-03,+68E-03
+107.900E+00,+18E-03,+354E-03,+341E-03,+330E-03
+108.000E+00,+19E-03,+329E-03,+341E-03,+331E-03
+108.100E+00,+5E-03,+221E-03,+96E-03,+101E-03
+108.200E+00,-1E-03,+279E-03,+108E-03,+103E-03
+108.300E+00,+12E-03,+120E-03,+270E-03,+264E-03
+108.400E+00,+110E-03,+102E-03,+217E-03,+217E-03
+108.500E+00,+1E-03,+67E-03,+123E-03,+125E-03
+108.600E+00,-3E-03,+179E-03,+64E-03,+61E-03
+108.700E+00,+4E-03,+193E-03,+68E-03,+63E-03
+108.800E+00,+19E-03,+259E-03,+183E-03,+173E-03
+108.900E+00,+3E-03,+110E-03,+259E-03,+267E-03
+109.000E+00,+4E-03,+95E-03,+81E-03,+76E-03
+109.100E+00,+4E-03,+315E-03,+86E-03,+88E-03
+109.200E+00,+29E-03,+249E-03,+267E-03,+277E-03
+109.300E+00,+19E-03,+226E-03,+279E-03,+277E-03
+109.400E+00,+19E-03,+341E-03,+250E-03,+245E-03
+109.500E+00,+18E-03,+333E-03,+244E-03,+237E-03
+109.600E+00,+16E-03,+346E-03,+250E-03,+237E-03
+109.700E+00,+22E-03,+354E-03,+234E-03,+237E-03
+109.800E+00,+18E-03,+368E-03,+247E-03,+237E-03
+109.900E+00,+23E-03,+351E-03,+351E-03,+343E-03
+110.000E+00,+19E-03,+149E-03,+334E-03,+334E-03
+110.100E+00,+16E-03,+70E-03,+177E-03,+177E-03
+110.200E+00,+8E-03,+117E-03,+66E-03,+66E-03
+110.300E+00,+159E-03,+149E-03,+144E-03,+144E-03
+110.400E+00,+3E-03,+336E-03,+156E-03,+153E-03
+110.500E+00,+6E-03,+336E-03,+153E-03,+157E-03
+110.600E+00,+6E-03,+343E-03,+165E-03,+151E-03
+110.700E+00,+6E-03,+349E-03,+155E-03,+150E-03
+110.800E+00,+6E-03,+366E-03,+150E-03,+146E-03
+110.900E+00,+17E-03,+349E-03,+329E-03,+329E-03
+111.000E+00,+21E-03,+276E-03,+326E-03,+329E-03
+111.100E+00,+27E-03,+195E-03,+282E-03,+284E-03
+111.200E+00,+23E-03,+182E-03,+294E-03,+280E-03
+111.300E+00,+8E-03,+266E-03,+196E-03,+203E-03
+111.400E+00,+21E-03,+329E-03,+270E-03,+255E-03
+111.500E+00,+13E-03,+330E-03,+312E-03,+306E-03
+111.600E+00,+9E-03,+98E-03,+321E-03,+307E-03
+111.700E+00,+14E-03,+114E-03,+111E-03,+105E-03
+111.800E+00,+13E-03,+338E-03,+110E-03,+108E-03
+111.900E+00,+11E-03,+341E-03,+113E-03,+111E-03
+112.000E+00,+13E-03,+343E-03,+110E-03,+106E-03
+112.100E+00,+8E-03,+338E-03,+105E-03,+106E-03
+112.200E+00,+8E-03,+358E-03,+116E-03,+106E-03
+112.300E+00,+24E-03,+347E-03,+343E-03,+333E-03
+112.400E+00,+29E-03,+339E-03,+344E-03,+334E-03
+112.500E+00,+14E-03,+67E-03,+122E-03,+114E-03
+112.600E+00,+11E-03,+40E-03,+123E-03,+120E-03
+112.700E+00,+5E-03,+232E-03,+56E-03,+45E-03
+112.800E+00,+23E-03,+316E-03,+227E-03,+240E-03
+112.900E+00,+69E-03,+327E-03,+300E-03,+297E-03
+113.000E+00,+14E-03,+82E-03,+312E-03,+300E-03
+113.100E+00,+12E-03,+191E-03,+94E-03,+86E-03
+113.200E+00,+16E-03,+313E-03,+193E-03,+200E-03
+113.300E+00,+18E-03,+336E-03,+196E-03,+193E-03
+113.400E+00,+9E-03,+348E-03,+197E-03,+190E-03
+113.500E+00,+16E-03,+348E-03,+202E-03,+193E-03
+113.600E+00,+13E-03,+356E-03,+193E-03,+177E-03
+113.700E+00,+14E-03,+360E-03,+188E-03,+177E-03
+113.800E+00,+28E-03,+344E-03,+349E-03,+339E-03
+113.900E+00,+218E-03,+277E-03,+289E-03,+296E-03
+114.000E+00,+13E-03,+162E-03,+297E-03,+297E-03
+114.100E+00,+8E-03,+128E-03,+199E-03,+187E-03
+114.200E+00,+8E-03,+249E-03,+131E-03,+133E-03
+114.300E+00,+8E-03,+301E-03,+138E-03,+132E-03
+114.400E+00,+19E-03,+226E-03,+274E-03,+270E-03
+114.500E+00,+24E-03,+212E-03,+283E-03,+267E-03
+114.600E+00,+19E-03,+80E-03,+230E-03,+228E-03
+114.700E+00,+4E-03,+75E-03,+80E-03,+69E-03
+114.800E+00,+9E-03,+102E-03,+83E-03,+73E-03
+114.900E+00,+13E-03,+162E-03,+100E-03,+99E-03
+115.000E+00,+14E-03,+78E-03,+168E-03,+155E-03
+115.100E+00,+5E-03,+88E-03,+79E-03,+74E-03
+115.200E+00,-4E-03,+329E-03,+86E-03,+69E-03
+115.300E+00,-1E-03,+347E-03,+77E-03,+78E-03
+115.400E+00,+6E-03,+348E-03,+83E-03,+73E-03
+115.500E+00,+5E-03,+350E-03,+83E-03,+78E-03
+115.600E+00,+13E-03,+359E-03,+83E-03,+86E-03
+115.700E+00,+19E-03,+344E-03,+333E-03,+334E-03
+115.800E+00,+24E-03,+324E-03,+332E-03,+332E-03
+115.900E+00,+14E-03,+243E-03,+201E-03,+196E-03
+116.000E+00,+16E-03,+58E-03,+247E-03,+240E-03
+116.100E+00,+14E-03,+60E-03,+244E-03,+238E-03
+116.200E+00,-3E-03,+65E-03,+28E-03,+34E-03
+116.300E+00,-3E-03,+141E-03,+29E-03,+29E-03
+116.400E+00,+16E-03,+333E-03,+133E-03,+136E-03
+116.500E+00,+4E-03,+332E-03,+131E-03,+125E-03
+116.600E+00,+11E-03,+346E-03,+120E-03,+128E-03
+116.700E+00,+8E-03,+337E-03,+132E-03,+122E-03
+116.800E+00,+16E-03,+349E-03,+130E-03,+120E-03
+116.900E+00,+14E-03,+345E-03,+334E-03,+313E-03
+117.000E+00,+18E-03,+334E-03,+319E-03,+315E-03
+117.100E+00,+12E-03,+178E-03,+304E-03,+295E-03
+117.200E+00,+19E-03,+249E-03,+180E-03,+180E-03
+117.300E+00,+17E-03,+335E-03,+178E-03,+179E-03
+117.400E+00,+18E-03,+349E-03,+180E-03,+183E-03
+117.500E+00,+24E-03,+251E-03,+305E-03,+305E-03
+117.600E+00,+23E-03,+155E-03,+264E-03,+264E-03
+117.700E+00,+18E-03,+97E-03,+269E-03,+254E-03
+117.800E+00,+18E-03,+105E-03,+270E-03,+262E-03
+117.900E+00,+3E-03,+159E-03,+114E-03,+115E-03
+118.000E+00,+13E-03,+303E-03,+190E-03,+183E-03
+118.100E+00,+5E-03,+349E-03,+191E-03,+189E-03
+118.200E+00,+13E-03,+353E-03,+192E-03,+185E-03
+118.300E+00,+7E-03,+347E-03,+196E-03,+183E-03
+118.400E+00,+23E-03,+323E-03,+307E-03,+304E-03
+118.500E+00,+22E-03,+221E-03,+289E-03,+302E-03
+118.600E+00,+218E-03,+200E-03,+228E-03,+225E-03
+118.700E+00,+18E-03,+96E-03,+218E-03,+213E-03
+118.800E+00,+26E-03,+135E-03,+123E-03,+106E-03
+118.900E+00,+16E-03,+195E-03,+146E-03,+151E-03
+119.000E+00,+13E-03,+227E-03,+151E-03,+141E-03
+119.100E+00,+8E-03,+149E-03,+228E-03,+226E-03
+119.200E+00,+9E-03,+102E-03,+163E-03,+150E-03
+119.300E+00,-8E-03,+35E-03,+28E-03,+20E-03
+119.400E+00,-6E-03,+219E-03,+33E-03,+31E-03
+119.500E+00,+9E-03,+114E-03,+209E-03,+203E-03
+119.600E+00,+9E-03,+18E-03,+207E-03,+193E-03
+119.700E+00,-4E-03,+329E-03,+24E-03,+28E-03
+119.800E+00,-3E-03,+341E-03,+33E-03,+26E-03
+119.900E+00,-8E-03,+347E-03,+27E-03,+27E-03
+120.000E+00,-4E-03,+346E-03,+29E-03,+26E-03
+120.100E+00,-5E-03,+353E-03,+45E-03,+27E-03
+120.200E+00,+282E-03,+361E-03,+120E-03,+116E-03
+120.300E+00,+18E-03,+353E-03,+320E-03,+327E-03
+120.400E+00,+13E-03,+249E-03,+217E-03,+213E-03
+120.500E+00,+9E-03,+298E-03,+215E-03,+205E-03
+120.600E+00,+24E-03,+85E-03,+282E-03,+277E-03
+120.700E+00,+9E-03,+237E-03,+87E-03,+91E-03
+120.800E+00,+9E-03,+329E-03,+96E-03,+96E-03
+120.900E+00,+86E-03,+338E-03,+104E-03,+97E-03
+121.000E+00,+19E-03,+264E-03,+280E-03,+294E-03
+121.100E+00,+22E-03,+333E-03,+282E-03,+271E-03
+121.200E+00,+26E-03,+343E-03,+264E-03,+264E-03
+121.300E+00,+23E-03,+342E-03,+267E-03,+257E-03
+121.400E+00,+19E-03,+351E-03,+260E-03,+260E-03
+121.500E+00,+19E-03,+357E-03,+325E-03,+322E-03
+121.600E+00,+26E-03,+346E-03,+324E-03,+317E-03
+121.700E+00,+18E-03,+174E-03,+127E-03,+125E-03
+121.800E+00,+18E-03,+53E-03,+187E-03,+182E-03
+121.900E+00,+7E-03,+77E-03,+40E-03,+35E-03
+122.000E+00,-1E-03,+118E-03,+83E-03,+86E-03
+122.100E+00,+9E-03,+327E-03,+95E-03,+90E-03
+122.200E+00,+9E-03,+336E-03,+93E-03,+83E-03
+122.300E+00,+3E-03,+347E-03,+95E-03,+85E-03
+122.400E+00,+26E-03,+339E-03,+304E-03,+287E-03
+122.500E+00,+23E-03,+221E-03,+299E-03,+298E-03
+122.600E+00,+18E-03,+175E-03,+252E-03,+244E-03
+122.700E+00,+17E-03,+133E-03,+246E-03,+237E-03
+122.800E+00,+16E-03,+195E-03,+153E-03,+146E-03
+122.900E+00,+7E-03,+280E-03,+207E-03,+202E-03
+123.000E+00,+11E-03,+341E-03,+212E-03,+200E-03
+123.100E+00,+3E-03,+341E-03,+206E-03,+208E-03
+123.200E+00,+6E-03,+349E-03,+210E-03,+203E-03
+123.300E+00,+8E-03,+352E-03,+200E-03,+199E-03
+123.400E+00,+11E-03,+366E-03,+207E-03,+202E-03
+123.500E+00,+15E-03,+352E-03,+351E-03,+347E-03
+123.600E+00,+16E-03,+289E-03,+344E-03,+341E-03
+123.700E+00,+9E-03,+208E-03,+67E-03,+73E-03
+123.800E+00,+11E-03,+217E-03,+73E-03,+71E-03
+123.900E+00,+13E-03,+311E-03,+205E-03,+206E-03
+124.000E+00,+16E-03,+346E-03,+284E-03,+277E-03
+124.100E+00,+8E-03,+344E-03,+276E-03,+277E-03
+124.200E+00,+11E-03,+339E-03,+284E-03,+275E-03
+124.300E+00,+13E-03,+351E-03,+307E-03,+309E-03
+124.400E+00,+13E-03,+112E-03,+307E-03,+297E-03
+124.500E+00,+1E-03,+54E-03,+136E-03,+131E-03
+124.600E+00,+8E-03,+309E-03,+39E-03,+38E-03
+124.700E+00,+10E-03,+342E-03,+43E-03,+40E-03
+124.800E+00,+3E-03,+336E-03,+43E-03,+39E-03
+124.900E+00,+13E-03,+352E-03,+44E-03,+43E-03
+125.000E+00,+9E-03,+354E-03,+49E-03,+41E-03
+125.100E+00,+9E-03,+369E-03,+50E-03,+35E-03
+125.200E+00,+19E-03,+343E-03,+334E-03,+327E-03
+125.300E+00,+11E-03,+169E-03,+273E-03,+265E-03
+125.400E+00,+14E-03,+67E-03,+279E-03,+267E-03
+125.500E+00,+9E-03,+29E-03,+85E-03,+85E-03
+125.600E+00,+3E-03,+195E-03,+13E-03,+16E-03
+125.700E+00,+18E-03,+134E-03,+204E-03,+196E-03
+125.800E+00,+13E-03,+73E-03,+197E-03,+188E-03
+125.900E+00,+8E-03,+282E-03,+98E-03,+110E-03
+126.000E+00,+19E-03,+306E-03,+110E-03,+106E-03
+126.100E+00,+19E-03,+344E-03,+272E-03,+272E-03
+126.200E+00,+23E-03,+336E-03,+274E-03,+264E-03
+126.300E+00,+27E-03,+349E-03,+276E-03,+264E-03
+126.400E+00,+19E-03,+359E-03,+274E-03,+274E-03
+126.500E+00,+20E-03,+353E-03,+268E-03,+263E-03
+126.600E+00,+18E-03,+339E-03,+356E-03,+351E-03
+126.700E+00,+29E-03,+35E-03,+356E-03,+342E-03
+126.800E+00,-1E-03,+303E-03,+53E-03,+53E-03
+126.900E+00,+2E-03,+311E-03,+47E-03,+53E-03
+127.000E+00,+19E-03,+150E-03,+272E-03,+272E-03
+127.100E+00,+131E-03,+123E-03,+161E-03,+159E-03
+127.200E+00,+16E-03,+179E-03,+133E-03,+133E-03
+127.300E+00,+12E-03,+310E-03,+188E-03,+176E-03
+127.400E+00,+14E-03,+281E-03,+295E-03,+287E-03
+127.500E+00,+13E-03,+217E-03,+276E-03,+278E-03
+127.600E+00,+16E-03,+185E-03,+217E-03,+217E-03
+127.700E+00,+22E-03,+105E-03,+173E-03,+167E-03
+127.800E+00,+24E-03,+35E-03,+168E-03,+167E-03
+127.900E+00,+3E-03,+263E-03,+51E-03,+51E-03
+128.000E+00,+287E-03,+323E-03,+163E-03,+150E-03
+128.100E+00,+20E-03,+64E-03,+269E-03,+265E-03
+128.200E+00,+18E-03,+46E-03,+269E-03,+264E-03
+128.300E+00,+6E-03,+116E-03,+74E-03,+65E-03
+128.400E+00,+9E-03,+336E-03,+113E-03,+116E-03
+128.500E+00,+13E-03,+345E-03,+112E-03,+110E-03
+128.600E+00,+14E-03,+349E-03,+111E-03,+121E-03
+128.700E+00,+3E-03,+344E-03,+112E-03,+105E-03
+128.800E+00,+13E-03,+346E-03,+310E-03,+310E-03
+128.900E+00,+15E-03,+338E-03,+318E-03,+307E-03
+129.000E+00,+23E-03,+281E-03,+192E-03,+183E-03
+129.100E+00,+13E-03,+297E-03,+187E-03,+197E-03
+129.200E+00,+23E-03,+175E-03,+294E-03,+290E-03
+129.300E+00,+11E-03,+55E-03,+176E-03,+167E-03
+129.400E+00,-6E-03,+123E-03,+26E-03,+21E-03
+129.500E+00,-10E-03,+325E-03,+26E-03,+29E-03
+129.600E+00,-8E-03,+336E-03,+39E-03,+29E-03
+129.700E+00,-8E-03,+344E-03,+33E-03,+28E-03
+129.800E+00,-3E-03,+353E-03,+34E-03,+26E-03
+129.900E+00,-7E-03,+356E-03,+38E-03,+24E-03
+130.000E+00,+33E-03,+343E-03,+344E-03,+327E-03
+130.100E+00,+19E-03,+333E-03,+331E-03,+323E-03
+130.200E+00,+13E-03,+333E-03,+321E-03,+321E-03
+130.300E+00,+6E-03,+126E-03,+318E-03,+320E-03
+130.400E+00,+16E-03,+249E-03,+130E-03,+113E-03
+130.500E+00,+10E-03,+319E-03,+132E-03,+129E-03
+130.600E+00,+11E-03,+262E-03,+290E-03,+289E-03
+130.700E+00,+21E-03,+192E-03,+277E-03,+289E-03
+130.800E+00,+23E-03,+333E-03,+187E-03,+177E-03
+130.900E+00,+15E-03,+337E-03,+201E-03,+182E-03
+131.000E+00,+19E-03,+341E-03,+187E-03,+185E-03
+131.100E+00,+13E-03,+352E-03,+189E-03,+182E-03
+131.200E+00,+13E-03,+353E-03,+190E-03,+183E-03
+131.300E+00,+13E-03,+358E-03,+345E-03,+342E-03
+131.400E+00,+11E-03,+341E-03,+354E-03,+341E-03
+131.500E+00,+5E-03,+293E-03,+132E-03,+123E-03
+131.600E+00,+307E-03,+336E-03,+187E-03,+187E-03
+131.700E+00,+13E-03,+72E-03,+282E-03,+285E-03
+131.800E+00,+8E-03,+150E-03,+83E-03,+74E-03
+131.900E+00,+9E-03,+300E-03,+73E-03,+82E-03
+132.000E+00,+29E-03,+142E-03,+280E-03,+274E-03
+132.100E+00,+23E-03,+92E-03,+275E-03,+270E-03
+132.200E+00,+11E-03,+150E-03,+103E-03,+115E-03
+132.300E+00,+17E-03,+180E-03,+112E-03,+111E-03
+132.400E+00,+19E-03,+336E-03,+170E-03,+173E-03
+132.500E+00,+26E-03,+346E-03,+174E-03,+177E-03
+132.600E+00,+16E-03,+341E-03,+177E-03,+168E-03
+132.700E+00,+23E-03,+358E-03,+175E-03,+167E-03
+132.800E+00,+19E-03,+349E-03,+163E-03,+167E-03
+132.900E+00,+133E-03,+387E-03,+370E-03,+366E-03
+133.000E+00,+23E-03,+346E-03,+351E-03,+351E-03
+133.100E+00,+15E-03,+15E-03,+41E-03,+36E-03
+133.200E+00,+3E-03,+292E-03,+43E-03,+39E-03
+133.300E+00,+6E-03,+328E-03,+44E-03,+44E-03
+133.400E+00,+19E-03,+333E-03,+270E-03,+269E-03
+133.500E+00,+28E-03,+347E-03,+274E-03,+271E-03
+133.600E+00,+19E-03,+346E-03,+277E-03,+264E-03
+133.700E+00,+25E-03,+347E-03,+264E-03,+264E-03
+133.800E+00,+26E-03,+363E-03,+280E-03,+255E-03
+133.900E+00,+16E-03,+337E-03,+356E-03,+367E-03
+134.000E+00,+26E-03,+128E-03,+351E-03,+357E-03
+134.100E+00,+17E-03,+324E-03,+144E-03,+140E-03
+134.200E+00,+16E-03,+343E-03,+140E-03,+146E-03
+134.300E+00,+9E-03,+347E-03,+144E-03,+139E-03
+134.400E+00,+16E-03,+356E-03,+143E-03,+143E-03
+134.500E+00,+17E-03,+352E-03,+136E-03,+137E-03
+134.600E+00,+24E-03,+354E-03,+346E-03,+341E-03
+134.700E+00,+24E-03,+329E-03,+347E-03,+331E-03
+134.800E+00,+9E-03,+108E-03,+287E-03,+290E-03
+134.900E+00,+6E-03,+116E-03,+107E-03,+90E-03
+135.000E+00,+9E-03,+217E-03,+101E-03,+105E-03
+135.100E+00,+20E-03,+326E-03,+208E-03,+207E-03
+135.200E+00,+23E-03,+333E-03,+210E-03,+197E-03
+135.300E+00,+26E-03,+338E-03,+208E-03,+200E-03
+135.400E+00,+13E-03,+338E-03,+207E-03,+190E-03
+135.500E+00,+13E-03,+362E-03,+200E-03,+200E-03
+135.600E+00,+19E-03,+343E-03,+344E-03,+347E-03
+135.700E+00,+23E-03,+283E-03,+336E-03,+331E-03
+135.800E+00,+16E-03,+30E-03,+290E-03,+287E-03
+135.900E+00,+7E-03,+56E-03,+33E-03,+33E-03
+136.000E+00,-4E-03,+175E-03,+39E-03,+43E-03
+136.100E+00,+9E-03,+47E-03,+164E-03,+166E-03
+136.200E+00,-6E-03,+190E-03,+29E-03,+26E-03
+136.300E+00,-8E-03,+236E-03,+24E-03,+27E-03
+136.400E+00,+16E-03,+41E-03,+203E-03,+210E-03
+136.500E+00,+19E-03,+37E-03,+206E-03,+209E-03
+136.600E+00,+8E-03,+224E-03,+58E-03,+54E-03
+136.700E+00,+5E-03,+254E-03,+62E-03,+53E-03
+136.800E+00,+9E-03,+319E-03,+244E-03,+237E-03
+136.900E+00,+12E-03,+340E-03,+247E-03,+237E-03
+137.000E+00,+8E-03,+338E-03,+244E-03,+235E-03
+137.100E+00,+11E-03,+348E-03,+241E-03,+240E-03
+137.200E+00,+9E-03,+349E-03,+233E-03,+230E-03
+137.300E+00,+14E-03,+346E-03,+351E-03,+343E-03
+137.400E+00,+9E-03,+328E-03,+342E-03,+342E-03
+137.500E+00,-6E-03,+47E-03,+32E-03,+37E-03
+137.600E+00,-4E-03,+329E-03,+36E-03,+29E-03
+137.700E+00,-6E-03,+341E-03,+45E-03,+46E-03
+137.800E+00,-1E-03,+344E-03,+44E-03,+34E-03
+137.900E+00,+27E-03,+333E-03,+303E-03,+288E-03
+138.000E+00,+13E-03,+165E-03,+284E-03,+294E-03
+138.100E+00,+23E-03,+110E-03,+300E-03,+289E-03
+138.200E+00,+16E-03,+97E-03,+292E-03,+290E-03
+138.300E+00,+8E-03,+311E-03,+104E-03,+113E-03
+138.400E+00,+290E-03,+323E-03,+284E-03,+274E-03
+138.500E+00,+26E-03,+153E-03,+279E-03,+272E-03
+138.600E+00,+8E-03,+113E-03,+172E-03,+163E-03
+138.700E+00,+9E-03,+93E-03,+174E-03,+170E-03
+138.800E+00,+9E-03,+28E-03,+100E-03,+90E-03
+138.900E+00,+9E-03,+26E-03,+92E-03,+78E-03
+139.000E+00,+16E-03,+38E-03,+93E-03,+100E-03
+139.100E+00,+13E-03,+30E-03,+100E-03,+97E-03
+139.200E+00,+9E-03,+35E-03,+93E-03,+83E-03
+139.300E+00,+12E-03,+36E-03,+101E-03,+97E-03
+139.400E+00,+13E-03,+41E-03,+86E-03,+88E-03
+139.500E+00,+17E-03,+41E-03,+103E-03,+87E-03
+139.600E+00,+13E-03,+31E-03,+93E-03,+96E-03
+139.700E+00,+14E-03,+41E-03,+93E-03,+86E-03
+139.800E+00,+6E-03,+162E-03,+54E-03,+44E-03
+139.900E+00,+1E-03,+318E-03,+57E-03,+56E-03
+140.000E+00,+19E-03,+306E-03,+294E-03,+287E-03
+140.100E+00,+22E-03,+133E-03,+275E-03,+268E-03
+140.200E+00,+13E-03,+155E-03,+151E-03,+138E-03
+140.300E+00,+19E-03,+302E-03,+146E-03,+145E-03
+140.400E+00,+13E-03,+326E-03,+280E-03,+294E-03
+140.500E+00,+15E-03,+342E-03,+287E-03,+285E-03
+140.600E+00,+245E-03,+328E-03,+300E-03,+295E-03
+140.700E+00,+14E-03,+215E-03,+315E-03,+306E-03
+140.800E+00,+16E-03,+333E-03,+220E-03,+217E-03
+140.900E+00,+10E-03,+346E-03,+213E-03,+213E-03
+141.000E+00,+8E-03,+341E-03,+223E-03,+215E-03
+141.100E+00,+10E-03,+344E-03,+215E-03,+210E-03
+141.200E+00,+13E-03,+349E-03,+213E-03,+210E-03
+141.300E+00,+260E-03,+361E-03,+238E-03,+233E-03
+141.400E+00,+14E-03,+346E-03,+346E-03,+346E-03
+141.500E+00,+19E-03,+293E-03,+314E-03,+297E-03
+141.600E+00,+23E-03,+289E-03,+317E-03,+297E-03
+141.700E+00,+13E-03,+330E-03,+309E-03,+282E-03
+141.800E+00,+16E-03,+341E-03,+312E-03,+297E-03
+141.900E+00,+20E-03,+357E-03,+291E-03,+295E-03
+142.000E+00,+9E-03,+349E-03,+304E-03,+294E-03
+142.100E+00,+9E-03,+355E-03,+298E-03,+280E-03
+142.200E+00,+14E-03,+348E-03,+352E-03,+354E-03
+142.300E+00,+18E-03,+331E-03,+352E-03,+348E-03
+142.400E+00,+3E-03,+205E-03,+69E-03,+63E-03
+142.500E+00,+160E-03,+222E-03,+209E-03,+212E-03
+142.600E+00,+11E-03,+179E-03,+217E-03,+212E-03
+142.700E+00,+13E-03,+242E-03,+189E-03,+186E-03
+142.800E+00,+13E-03,+272E-03,+193E-03,+180E-03
+142.900E+00,+13E-03,+81E-03,+269E-03,+264E-03
+143.000E+00,+11E-03,+65E-03,+265E-03,+260E-03
+143.100E+00,-4E-03,+82E-03,+69E-03,+65E-03
+143.200E+00,-1E-03,+132E-03,+79E-03,+73E-03
+143.300E+00,+12E-03,+160E-03,+125E-03,+123E-03
+143.400E+00,+9E-03,+333E-03,+135E-03,+121E-03
+143.500E+00,+5E-03,+333E-03,+124E-03,+129E-03
+143.600E+00,+13E-03,+353E-03,+130E-03,+120E-03
+143.700E+00,+13E-03,+349E-03,+130E-03,+125E-03
+143.800E+00,+11E-03,+351E-03,+130E-03,+123E-03
+143.900E+00,+16E-03,+342E-03,+330E-03,+327E-03
+144.000E+00,+19E-03,+212E-03,+287E-03,+284E-03
+144.100E+00,+22E-03,+70E-03,+279E-03,+281E-03
+144.200E+00,-1E-03,+200E-03,+83E-03,+69E-03
+144.300E+00,-2E-03,+231E-03,+80E-03,+84E-03
+144.400E+00,+16E-03,+55E-03,+220E-03,+217E-03
+144.500E+00,+14E-03,+36E-03,+210E-03,+213E-03
+144.600E+00,+3E-03,+177E-03,+51E-03,+51E-03
+144.700E+00,+133E-03,+206E-03,+183E-03,+192E-03
+144.800E+00,+16E-03,+336E-03,+203E-03,+193E-03
+144.900E+00,+13E-03,+335E-03,+187E-03,+197E-03
+145.000E+00,+13E-03,+344E-03,+192E-03,+188E-03
+145.100E+00,+15E-03,+349E-03,+184E-03,+176E-03
+145.200E+00,+19E-03,+359E-03,+183E-03,+190E-03
+145.300E+00,+17E-03,+339E-03,+333E-03,+326E-03
+145.400E+00,+19E-03,+236E-03,+305E-03,+302E-03
+145.500E+00,+16E-03,+130E-03,+306E-03,+298E-03
+145.600E+00,+9E-03,+319E-03,+143E-03,+146E-03
+145.700E+00,+12E-03,+340E-03,+150E-03,+155E-03
+145.800E+00,+3E-03,+336E-03,+153E-03,+146E-03
+145.900E+00,+10E-03,+355E-03,+146E-03,+149E-03
+146.000E+00,+3E-03,+349E-03,+156E-03,+143E-03
+146.100E+00,+24E-03,+342E-03,+316E-03,+318E-03
+146.200E+00,+21E-03,+328E-03,+314E-03,+307E-03
+146.300E+00,+7E-03,+192E-03,+121E-03,+125E-03
+146.400E+00,+9E-03,+232E-03,+130E-03,+116E-03
+146.500E+00,+17E-03,+55E-03,+228E-03,+233E-03
+146.600E+00,+1E-03,+67E-03,+54E-03,+51E-03
+146.700E+00,+3E-03,+184E-03,+95E-03,+83E-03
+146.800E+00,+6E-03,+319E-03,+90E-03,+100E-03
+146.900E+00,+18E-03,+197E-03,+280E-03,+271E-03
+147.000E+00,+215E-03,+212E-03,+252E-03,+235E-03
+147.100E+00,+20E-03,+331E-03,+209E-03,+208E-03
+147.200E+00,+19E-03,+336E-03,+200E-03,+207E-03
+147.300E+00,+19E-03,+358E-03,+192E-03,+197E-03
+147.400E+00,+14E-03,+348E-03,+205E-03,+200E-03
+147.500E+00,+20E-03,+364E-03,+201E-03,+206E-03
+147.600E+00,+23E-03,+353E-03,+341E-03,+334E-03